time,veh_u,veh_v,model_T_lon_1560.pt
0.0,0.05073,0.0,-0.08893737196922302
0.01,0.04555,0.0,-0.08893737196922302
0.02,0.04022,0.0,-0.08893737196922302
0.03,0.0348,0.0,-0.08893737196922302
0.04,0.02931,0.0,-0.08893737196922302
0.05,0.0238,0.0,-0.08893737196922302
0.06,0.0183,0.0,-0.08893737196922302
0.07,0.01284,0.0,-0.08893737196922302
0.08,0.0,0.0,-0.08893737196922302
0.09,0.0,0.0,-0.08893737196922302
0.1,0.0,0.0,-0.08893737196922302
0.11,0.0,0.0,-0.08893737196922302
0.12,0.0,0.0,-0.08893737196922302
0.13,0.0,0.0,-0.08893737196922302
0.14,0.0,0.0,-0.08893737196922302
0.15,0.0,0.0,-0.08893737196922302
0.16,0.0,0.0,-0.08893737196922302
0.17,0.0,0.0,-0.08893737196922302
0.18,0.0,0.00166,-0.08893737196922302
0.19,0.0,0.00241,-0.08893737196922302
0.2,0.0,0.0031,-0.08893737196922302
0.21,0.0,0.00374,-0.08893737196922302
0.22,0.0,0.00432,-0.08893737196922302
0.23,0.0,0.00485,-0.08893737196922302
0.24,0.0,0.00532,-0.08893737196922302
0.25,0.0,0.00574,-0.08893737196922302
0.26,0.0,0.0061,-0.08893737196922302
0.27,0.0,0.0064,-0.08893737196922302
0.28,0.0,0.00665,-0.08893737196922302
0.29,0.0,0.00685,-0.08893737196922302
0.3,0.0,0.00701,-0.08893737196922302
0.31,0.0,0.00711,-0.08893737196922302
0.32,0.0,0.00717,-0.08893737196922302
0.33,0.0,0.00719,-0.08893737196922302
0.34,0.0,0.00716,-0.08893737196922302
0.35,0.0,0.00711,-0.08893737196922302
0.36,0.0,0.007,-0.08893737196922302
0.37,0.0,0.00687,-0.08893737196922302
0.38,0.0,0.0067,-0.08893737196922302
0.39,0.0,0.00651,-0.08893737196922302
0.4,0.0,0.00629,-0.08893737196922302
0.41,0.0,0.00609,-0.08893737196922302
0.42,0.01188,0.00578,-0.08893737196922302
0.43,0.015,0.00549,-0.08893737196922302
0.44,0.01789,0.00519,-0.08893737196922302
0.45,0.02053,0.00486,-0.08893737196922302
0.46,0.02288,0.00453,-0.08893737196922302
0.47,0.02455,0.00424,-0.08893737196922302
0.48,0.02666,0.00381,-0.08893737196922302
0.49,0.02805,0.00344,-0.08893737196922302
0.5,0.02909,0.00305,-0.08893737196922302
0.51,0.02977,0.00266,-0.08893737196922302
0.52,0.03009,0.00226,-0.08893737196922302
0.53,0.03006,0.00185,-0.08893737196922302
0.54,0.02968,0.00143,-0.08893737196922302
0.55,0.02897,0.00101,-0.08893737196922302
0.56,0.02792,0.0,-0.08893737196922302
0.57,0.02686,0.0,-0.08893737196922302
0.58,0.02494,0.0,-0.08893737196922302
0.59,0.02304,0.0,-0.08893737196922302
0.6,0.02091,0.0,-0.08893737196922302
0.61,0.01857,0.0,-0.08893737196922302
0.62,0.01605,0.0,-0.08893737196922302
0.63,0.01339,0.0,-0.08893737196922302
0.64,0.01062,0.0,-0.08893737196922302
0.65,0.0,0.0,-0.08893737196922302
0.66,0.0,0.0,-0.08893737196922302
0.67,0.0,0.0,-0.08893737196922302
0.68,0.0,0.0,-0.08893737196922302
0.69,0.0,0.0,-0.08893737196922302
0.7,0.0,0.0,-0.08893737196922302
0.71,0.0,0.0,-0.08893737196922302
0.72,0.0,0.0,-0.08893737196922302
0.73,0.0,0.0,-0.08893737196922302
0.74,0.0,0.0,-0.08893737196922302
0.75,0.0,0.0,-0.08893737196922302
0.76,0.0,0.0,-0.08893737196922302
0.77,0.0,0.0,-0.08893737196922302
0.78,0.0,0.0,-0.08893737196922302
0.79,0.0,0.0,-0.08893737196922302
0.8,0.0,0.0,-0.08893737196922302
0.81,0.0,0.0,-0.08893737196922302
0.82,0.0,0.0,-0.08893737196922302
0.83,0.0,0.0,-0.08893737196922302
0.84,0.0,0.0,-0.08893737196922302
0.85,0.0,0.0,-0.08893737196922302
0.86,0.0,0.0,-0.08893737196922302
0.87,0.0,0.0,-0.08893737196922302
0.88,0.0,0.0,-0.08893737196922302
0.89,0.0,0.0,-0.08893737196922302
0.9,0.0,0.0,-0.08893737196922302
0.91,0.0,0.0,-0.08893737196922302
0.92,0.0,0.0,-0.08893737196922302
0.93,0.0,0.0,-0.08893737196922302
0.94,0.0,0.0,-0.08893737196922302
0.95,0.0,0.0,-0.08893737196922302
0.96,0.0,0.0,-0.08893737196922302
0.97,0.0,0.0,-0.08893737196922302
0.98,0.0,0.0,-0.08893737196922302
0.99,0.0,0.0,-0.08893737196922302
1.0,0.0,0.0,-0.08893737196922302
1.01,0.0,0.0,-0.08893737196922302
1.02,0.0,0.0,-0.08893737196922302
1.03,0.0,0.0,-0.08893737196922302
1.04,0.0,0.0,-0.08893737196922302
1.05,0.0,0.00124,-0.08893737196922302
1.06,0.0,0.00155,-0.08893737196922302
1.07,0.0,0.00182,-0.08893737196922302
1.08,0.0,0.00206,-0.08893737196922302
1.09,0.0,0.00226,-0.08893737196922302
1.1,0.0,0.00241,-0.08908015489578247
1.11,0.0,0.00253,-0.08918642997741699
1.12,0.0,0.0026,-0.08892089128494263
1.13,0.0,0.00263,-0.08908247947692871
1.14,0.0,0.00263,-0.08858376741409302
1.15,0.0,0.00259,-0.08792608976364136
1.16,0.0,0.00249,-0.08615711331367493
1.17,0.0,0.00237,-0.08537575602531433
1.18,0.0,0.00223,-0.0845237672328949
1.19,0.0,0.00205,-0.08369168639183044
1.2,0.0,0.00185,-0.08290970325469971
1.21,0.0,0.00163,-0.08248180150985718
1.22,0.0,0.00139,-0.08172851800918579
1.23,0.0,0.00115,-0.08142322301864624
1.24,0.0,0.0,-0.08111399412155151
1.25,0.0,0.0,-0.0807182788848877
1.26,0.0,0.0,-0.08044850826263428
1.27,0.0,0.0,-0.07995623350143433
1.28,0.0,0.0,-0.0797116756439209
1.29,0.0,0.0,-0.07933560013771057
1.3,0.0,0.0,-0.07902157306671143
1.31,0.0,0.0,-0.07883697748184204
1.32,0.0,0.0,-0.07851609587669373
1.33,0.0,0.0,-0.07820674777030945
1.34,0.0,0.0,-0.07760173082351685
1.35,0.0,0.0,-0.0774107575416565
1.36,0.0,0.0,-0.07711553573608398
1.37,0.0,0.0,-0.07689628005027771
1.38,0.0,0.0,-0.07667770981788635
1.39,0.0,0.0,-0.07630261778831482
1.4,0.0,0.0,-0.07597100734710693
1.41,0.0,0.0,-0.07566523551940918
1.42,0.0,0.0,-0.07546266913414001
1.43,0.0,0.0,-0.07517394423484802
1.44,0.0,0.0,-0.07495245337486267
1.45,0.0,0.0,-0.07471144199371338
1.46,0.0,0.0,-0.07449615001678467
1.47,0.0,0.0,-0.07445251941680908
1.48,0.0,0.00119,-0.07416179776191711
1.49,0.0,0.00148,-0.07393902540206909
1.5,0.0,0.00176,-0.07380002737045288
1.51,0.01075,0.00204,-0.07367700338363647
1.52,0.01388,0.00229,-0.07343918085098267
1.53,0.01735,0.00253,-0.07303363084793091
1.54,0.02119,0.00274,-0.07275336980819702
1.55,0.02541,0.00292,-0.0722913146018982
1.56,0.03003,0.00306,-0.07197731733322144
1.57,0.03506,0.00317,-0.07150760293006897
1.58,0.04053,0.00324,-0.07080775499343872
1.59,0.04644,0.00327,-0.07008552551269531
1.6,0.05281,0.00325,-0.06930464506149292
1.61,0.05966,0.00318,-0.06861823797225952
1.62,0.067,0.00307,-0.0679405927658081
1.63,0.07326,0.00295,-0.06714946031570435
1.64,0.08152,0.00276,-0.06651678681373596
1.65,0.09031,0.00253,-0.06529641151428223
1.66,0.09963,0.00226,-0.06440931558609009
1.67,0.11151,0.00188,-0.06269079446792603
1.68,0.12204,0.00154,-0.06132596731185913
1.69,0.13313,0.00116,-0.05953401327133179
1.7,0.14479,0.0,-0.05422276258468628
1.71,0.15701,0.0,-0.04744735360145569
1.72,0.1698,0.0,-0.042809128761291504
1.73,0.18316,0.0,-0.03654468059539795
1.74,0.19708,0.0,-0.028151661157608032
1.75,0.21157,0.0,-0.017622321844100952
1.76,0.22662,0.0,-0.009424924850463867
1.77,0.24222,0.0,-0.00037425756454467773
1.78,0.25836,0.0,0.007800877094268799
1.79,0.27503,0.0,0.016466915607452393
1.8,0.29223,0.0,0.025692790746688843
1.81,0.30993,0.0,0.03538051247596741
1.82,0.32814,0.0,0.045578792691230774
1.83,0.34682,0.0,0.05443207919597626
1.84,0.36598,0.0,0.06434176862239838
1.85,0.38558,0.0,0.07996603846549988
1.86,0.40562,0.0,0.09349477291107178
1.87,0.42608,0.0,0.1094074696302414
1.88,0.44277,0.0,0.12609310448169708
1.89,0.46393,0.0,0.14299124479293823
1.9,0.48545,0.0,0.16537348926067352
1.91,0.50732,0.0,0.18927976489067078
1.92,0.53394,0.0,0.21846118569374084
1.93,0.55651,0.0,0.24463053047657013
1.94,0.57937,0.0,0.2771356701850891
1.95,0.60249,0.0,0.3065572679042816
1.96,0.62587,0.0,0.3366522192955017
1.97,0.6495,0.0,0.3659121096134186
1.98,0.67335,0.0,0.393486350774765
1.99,0.69741,0.0,0.42257222533226013
2.0,0.72168,0.0,0.4514365494251251
2.01,0.74128,0.0,0.48188960552215576
2.02,0.77076,0.0,0.5115481615066528
2.03,0.79064,0.0,0.5394642949104309
2.04,0.82052,0.0,0.5677764415740967
2.05,0.84564,0.0,0.5956777334213257
2.06,0.87091,0.0,0.6235779523849487
2.07,0.89633,0.0,0.651247501373291
2.08,0.92189,0.0,0.6776220798492432
2.09,0.9476,0.0,0.7059206962585449
2.1,0.97344,0.0,0.7347675561904907
2.11,0.99943,0.0,0.7637419104576111
2.12,1.02555,0.0,0.7936215400695801
2.13,1.05182,0.0,0.8240396976470947
2.14,1.07824,0.0,0.8556753993034363
2.15,1.1048,0.0,0.8875541687011719
2.16,1.1315,0.0,0.9198246002197266
2.17,1.15836,0.0,0.9506567120552063
2.18,1.18537,0.0,0.9828721880912781
2.19,1.21254,0.0,1.0145927667617798
2.2,1.23987,0.0,1.046787977218628
2.21,1.26736,0.0,1.0788253545761108
2.22,1.29501,0.0,1.1114075183868408
2.23,1.32282,0.0,1.14279043674469
2.24,1.3508,0.0,1.1760143041610718
2.25,1.37894,0.0,1.2071877717971802
2.26,1.40163,0.0,1.2383263111114502
2.27,1.43572,0.0,1.2697030305862427
2.28,1.45867,0.0,1.3008960485458374
2.29,1.49313,0.0,1.3320250511169434
2.3,1.51633,0.0,1.3620816469192505
2.31,1.55116,0.0,1.3934028148651123
2.32,1.5804,0.0,1.4244694709777832
2.33,1.60977,0.0,1.4555625915527344
2.34,1.63928,0.0,1.4875317811965942
2.35,1.6689,0.0,1.5198086500167847
2.36,1.69865,0.0,1.5517971515655518
2.37,1.7285,0.0,1.5833488702774048
2.38,1.75845,0.0,1.615931749343872
2.39,1.7885,0.0,1.648261308670044
2.4,1.81865,0.0,1.6802361011505127
2.41,1.84882,0.0,1.7117360830307007
2.42,1.87908,0.0,1.7447974681854248
2.43,1.90939,0.0,1.7747704982757568
2.44,1.93975,0.0,1.8079267740249634
2.45,1.97014,0.0,1.8404016494750977
2.46,2.00055,0.0,1.8721070289611816
2.47,2.03098,0.0,1.90555739402771
2.48,2.06142,0.0,1.9377129077911377
2.49,2.09185,0.0,1.9707781076431274
2.5,2.12228,0.0,2.0019755363464355
2.51,2.14668,0.0,2.0339720249176025
2.52,2.18308,0.0,2.0664219856262207
2.53,2.20744,0.0,2.100109100341797
2.54,2.24377,0.0,2.132538318634033
2.55,2.26807,0.0,2.165555477142334
2.56,2.3043,0.0,2.199434280395508
2.57,2.3345,0.0,2.23189640045166
2.58,2.36464,0.0,2.264784812927246
2.59,2.39474,0.0,2.2979512214660645
2.6,2.42478,0.0,2.332374095916748
2.61,2.45476,0.0,2.366455078125
2.62,2.48469,0.0,2.401261806488037
2.63,2.51456,0.0,2.4344592094421387
2.64,2.54437,0.0,2.4691615104675293
2.65,2.57413,0.0,2.504143714904785
2.66,2.60382,0.0,2.538051128387451
2.67,2.63346,0.0,2.573202610015869
2.68,2.66305,0.0,2.6068100929260254
2.69,2.69258,0.0,2.641378402709961
2.7,2.72206,0.0,2.6738967895507812
2.71,2.75148,0.0,2.707690715789795
2.72,2.78085,0.0,2.740553379058838
2.73,2.81017,0.0,2.773162841796875
2.74,2.83944,0.0,2.805853843688965
2.75,2.86867,0.0,2.838878631591797
2.76,2.89206,0.0,2.8710732460021973
2.77,2.92697,0.0,2.902574062347412
2.78,2.95029,0.0,2.9342918395996094
2.79,2.98509,0.0,2.965576171875
2.8,3.00836,0.0,2.997800827026367
2.81,3.04304,0.0,3.029475212097168
2.82,3.07194,0.0,3.060530185699463
2.83,3.1008,0.0,3.0913381576538086
2.84,3.12961,0.0,3.12115478515625
2.85,3.15837,0.0,3.150674343109131
2.86,3.18707,0.0,3.182499885559082
2.87,3.21573,0.0,3.2135233879089355
2.88,3.24434,0.0,3.2439322471618652
2.89,3.27287,0.0,3.274559497833252
2.9,3.30137,0.0,3.3044166564941406
2.91,3.32977,0.0,3.334707736968994
2.92,3.35813,0.0,3.3659167289733887
2.93,3.38641,0.0,3.3961100578308105
2.94,3.41462,0.0,3.426473617553711
2.95,3.44276,0.0,3.455014705657959
2.96,3.47081,0.0,3.4825997352600098
2.97,3.49878,0.0,3.5124588012695312
2.98,3.52667,0.0,3.542483329772949
2.99,3.55446,0.0,3.572915554046631
3.0,3.58218,0.0,3.6003623008728027
3.01,3.60431,0.0,3.6281399726867676
3.02,3.63729,0.0,3.6585793495178223
3.03,3.65929,0.0,3.6869959831237793
3.04,3.69202,0.0,3.7149763107299805
3.05,3.71387,0.0,3.7421393394470215
3.06,3.74636,0.0,3.76906156539917
3.07,3.76803,0.0,3.79768705368042
3.08,3.8003,0.0,3.826414108276367
3.09,3.82713,0.0,3.853024959564209
3.1,3.85386,0.0,3.8797879219055176
3.11,3.8805,0.0,3.9070305824279785
3.12,3.90705,0.0,3.935227394104004
3.13,3.93353,0.0,3.9637794494628906
3.14,3.95992,0.0,3.9893665313720703
3.15,3.98624,0.0,4.01614236831665
3.16,4.0125,0.0,4.041287899017334
3.17,4.03869,0.0,4.068854331970215
3.18,4.06483,0.0,4.095109462738037
3.19,4.09092,0.0,4.122051239013672
3.2,4.11698,0.0,4.147843360900879
3.21,4.14299,0.0,4.174373149871826
3.22,4.16898,0.0,4.2004289627075195
3.23,4.19495,0.0,4.2261152267456055
3.24,4.2209,0.0,4.25145149230957
3.25,4.24684,0.0,4.2764668464660645
3.26,4.26764,0.0,4.30064582824707
3.27,4.29872,0.0,4.327043533325195
3.28,4.31952,0.0,4.351816177368164
3.29,4.35061,0.0,4.377693176269531
3.3,4.37145,0.0,4.403017520904541
3.31,4.40256,0.0,4.429150581359863
3.32,4.42339,0.0,4.454705238342285
3.33,4.45455,0.0,4.481265068054199
3.34,4.48058,0.0,4.506582736968994
3.35,4.50661,0.0,4.531933307647705
3.36,4.53265,0.0,4.5572123527526855
3.37,4.5587,0.0,4.582320213317871
3.38,4.58476,0.0,4.607119083404541
3.39,4.61081,0.0,4.633946418762207
3.4,4.63686,0.0,4.659835338592529
3.41,4.66289,0.0,4.685602188110352
3.42,4.68891,0.0,4.710342884063721
3.43,4.7149,0.0,4.734757900238037
3.44,4.74085,0.0,4.760744094848633
3.45,4.76676,0.0,4.785636901855469
3.46,4.79263,0.0,4.8110809326171875
3.47,4.81843,0.0,4.835461139678955
3.48,4.84417,0.0,4.860753059387207
3.49,4.86984,0.0,4.884891986846924
3.5,4.89543,0.0,4.909267425537109
3.51,4.91588,0.0,4.934606552124023
3.52,4.94633,0.0,4.958844184875488
3.53,4.96664,0.0,4.984603404998779
3.54,4.99685,0.0,5.008947372436523
3.55,5.01699,0.0,5.032700538635254
3.56,5.04694,0.0,5.056707859039307
3.57,5.0669,0.0,5.081179618835449
3.58,5.09659,0.0,5.107027053833008
3.59,5.12124,0.0,5.13156795501709
3.6,5.14579,0.0,5.155257225036621
3.61,5.17025,0.0,5.179028511047363
3.62,5.19458,0.0,5.203495025634766
3.63,5.21882,0.0,5.226830959320068
3.64,5.24297,0.0,5.2513251304626465
3.65,5.26705,0.0,5.275341033935547
3.66,5.29104,0.0,5.300819396972656
3.67,5.31497,0.0,5.326131343841553
3.68,5.33885,0.0,5.350529193878174
3.69,5.36268,0.0,5.374952793121338
3.7,5.38648,0.0,5.398961067199707
3.71,5.41026,0.0,5.424111366271973
3.72,5.43403,0.0,5.447731018066406
3.73,5.4578,0.0,5.473032474517822
3.74,5.48158,0.0,5.497097015380859
3.75,5.50539,0.0,5.521846294403076
3.76,5.52451,0.0,5.54495096206665
3.77,5.55313,0.0,5.571178436279297
3.78,5.57233,0.0,5.594703197479248
3.79,5.6011,0.0,5.618223190307617
3.8,5.62043,0.0,5.641866683959961
3.81,5.64937,0.0,5.666346073150635
3.82,5.66883,0.0,5.690345764160156
3.83,5.698,0.0,5.713789939880371
3.84,5.72247,0.0,5.737000942230225
3.85,5.74703,0.0,5.760528087615967
3.86,5.7717,0.0,5.785022735595703
3.87,5.79648,0.0,5.808916091918945
3.88,5.82138,0.0,5.832571983337402
3.89,5.84635,0.0,5.85553503036499
3.9,5.87144,0.0,5.87943696975708
3.91,5.89665,0.0,5.902649402618408
3.92,5.92191,0.0,5.927310466766357
3.93,5.94729,0.0,5.950109004974365
3.94,5.97275,0.0,5.975164890289307
3.95,5.99829,0.0,5.998899936676025
3.96,6.02389,0.0,6.022539138793945
3.97,6.04957,0.0,6.046425819396973
3.98,6.0753,0.0,6.071382999420166
3.99,6.10109,0.0,6.095752716064453
4.0,6.12693,0.0,6.121191501617432
4.01,6.1528,0.0,6.145107746124268
4.02,6.17357,0.0,6.170200347900391
4.03,6.19949,0.0,6.194794654846191
4.04,6.23059,0.0,6.219413757324219
4.05,6.25656,0.0,6.244553089141846
4.06,6.27738,0.0,6.268730640411377
4.07,6.30337,0.0,6.293293476104736
4.08,6.33451,0.0,6.317973613739014
4.09,6.3605,0.0,6.343324661254883
4.1,6.38648,0.0,6.3678436279296875
4.11,6.41246,0.0,6.393294334411621
4.12,6.43842,0.0,6.417440414428711
4.13,6.46438,0.0,6.442243576049805
4.14,6.49033,0.0,6.46633768081665
4.15,6.51627,0.0,6.490471839904785
4.16,6.54219,0.0,6.515776634216309
4.17,6.5681,0.0,6.538936614990234
4.18,6.59399,0.0,6.563982963562012
4.19,6.61987,0.0,6.587859630584717
4.2,6.64573,0.0,6.613100528717041
4.21,6.67158,0.0,6.636807918548584
4.22,6.69741,0.0,6.662071704864502
4.23,6.72322,0.0,6.686020374298096
4.24,6.74901,0.0,6.70986270904541
4.25,6.77478,0.0,6.735754013061523
4.26,6.80053,0.0,6.759364128112793
4.27,6.82115,0.0,6.785261154174805
4.28,6.85195,0.0,6.808522701263428
4.29,6.87762,0.0,6.833384037017822
4.3,6.90326,0.0,6.858136177062988
4.31,6.92379,0.0,6.88239860534668
4.32,6.95443,0.0,6.907854080200195
4.33,6.97996,0.0,6.930900573730469
4.34,7.00545,0.0,6.956205368041992
4.35,7.02587,0.0,6.979348659515381
4.36,7.05631,0.0,7.004918575286865
4.37,7.08167,0.0,7.030227184295654
4.38,7.10698,0.0,7.056157112121582
4.39,7.13224,0.0,7.079862117767334
4.4,7.15745,0.0,7.104169845581055
4.41,7.18261,0.0,7.129786968231201
4.42,7.20772,0.0,7.153347969055176
4.43,7.23278,0.0,7.179164409637451
4.44,7.2578,0.0,7.202603816986084
4.45,7.28277,0.0,7.2285614013671875
4.46,7.3077,0.0,7.252229690551758
4.47,7.33259,0.0,7.277899265289307
4.48,7.35745,0.0,7.304025650024414
4.49,7.38228,0.0,7.329431533813477
4.5,7.40708,0.0,7.351808071136475
4.51,7.43186,0.0,7.376544952392578
4.52,7.45172,0.0,7.40154504776001
4.53,7.48141,0.0,7.427299976348877
4.54,7.50618,0.0,7.450795650482178
4.55,7.53096,0.0,7.475733280181885
4.56,7.55084,0.0,7.50033712387085
4.57,7.58058,0.0,7.525134086608887
4.58,7.60544,0.0,7.549996852874756
4.59,7.63033,0.0,7.5754780769348145
4.6,7.65031,0.0,7.599569320678711
4.61,7.68025,0.0,7.624728679656982
4.62,7.7053,0.0,7.650442600250244
4.63,7.73041,0.0,7.674284934997559
4.64,7.75558,0.0,7.700552940368652
4.65,7.78083,0.0,7.7250142097473145
4.66,7.80614,0.0,7.750953197479248
4.67,7.83154,0.0,7.777951240539551
4.68,7.85701,0.0,7.802286624908447
4.69,7.88256,0.0,7.829476356506348
4.7,7.90818,0.0,7.853281497955322
4.71,7.93388,0.0,7.8781609535217285
4.72,7.95964,0.0,7.905551910400391
4.73,7.98548,0.0,7.930524826049805
4.74,8.01137,0.0,7.956914901733398
4.75,8.03732,0.0,7.981420040130615
4.76,8.06332,0.0,8.007596969604492
4.77,8.0842,0.0,8.032727241516113
4.78,8.11544,0.0,8.058931350708008
4.79,8.14154,0.0,8.083126068115234
4.8,8.16765,0.0,8.109461784362793
4.81,8.1886,0.0,8.134217262268066
4.82,8.21989,0.0,8.159931182861328
4.83,8.246,0.0,8.186460494995117
4.84,8.27206,0.0,8.211162567138672
4.85,8.29294,0.0,8.237044334411621
4.86,8.32408,0.0,8.261802673339844
4.87,8.35001,0.0,8.288281440734863
4.88,8.37589,0.0,8.311500549316406
4.89,8.40166,0.0,8.338891983032227
4.9,8.42737,0.0,8.362622261047363
4.91,8.45296,0.0,8.388989448547363
4.92,8.47847,0.0,8.412988662719727
4.93,8.50387,0.0,8.438824653625488
4.94,8.52915,0.0,8.46347427368164
4.95,8.55431,0.0,8.488380432128906
4.96,8.57936,0.0,8.512516975402832
4.97,8.60428,0.0,8.538158416748047
4.98,8.62908,0.0,8.563506126403809
4.99,8.65376,0.0,8.586410522460938
5.0,8.67832,0.0,8.610596656799316
5.01,8.70275,0.0,8.636631965637207
5.02,8.72226,0.0,8.661500930786133
5.03,8.75129,0.0,8.686455726623535
5.04,8.7754,0.0,8.711152076721191
5.05,8.79941,0.0,8.73591136932373
5.06,8.8186,0.0,8.759243965148926
5.07,8.8472,0.0,8.783365249633789
5.08,8.87098,0.0,8.809185981750488
5.09,8.89471,0.0,8.83169937133789
5.1,8.9137,0.0,8.855881690979004
5.11,8.94204,0.0,8.881685256958008
5.12,8.96566,0.0,8.905730247497559
5.13,8.98928,0.0,8.930832862854004
5.14,9.01289,0.0,8.954779624938965
5.15,9.03651,0.0,8.981623649597168
5.16,9.06016,0.0,9.006516456604004
5.17,9.08384,0.0,9.03067398071289
5.18,9.10755,0.0,9.055502891540527
5.19,9.13133,0.0,9.081449508666992
5.2,9.15515,0.0,9.106148719787598
5.21,9.17904,0.0,9.13199234008789
5.22,9.203,0.0,9.157654762268066
5.23,9.22703,0.0,9.182929039001465
5.24,9.25113,0.0,9.205937385559082
5.25,9.27531,0.0,9.231749534606934
5.26,9.29955,0.0,9.25658893585205
5.27,9.31904,0.0,9.280298233032227
5.28,9.34825,0.0,9.30541706085205
5.29,9.37269,0.0,9.329432487487793
5.3,9.39718,0.0,9.354530334472656
5.31,9.41684,0.0,9.378771781921387
5.32,9.44628,0.0,9.400426864624023
5.33,9.47086,0.0,9.4267578125
5.34,9.49545,0.0,9.450778007507324
5.35,9.51517,0.0,9.474772453308105
5.36,9.5446,0.0,9.4984769821167
5.37,9.56913,0.0,9.523675918579102
5.38,9.59361,0.0,9.546820640563965
5.39,9.61801,0.0,9.5722074508667
5.4,9.64235,0.0,9.596242904663086
5.41,9.66656,0.0,9.620564460754395
5.42,9.69067,0.0,9.643484115600586
5.43,9.71464,0.0,9.667203903198242
5.44,9.73847,0.0,9.691679954528809
5.45,9.76215,0.0,9.71415901184082
5.46,9.78564,0.0,9.740473747253418
5.47,9.80896,0.0,9.763583183288574
5.48,9.83208,0.0,9.786955833435059
5.49,9.855,0.0,9.811748504638672
5.5,9.87771,0.0,9.835429191589355
5.51,9.9002,0.0,9.857202529907227
5.52,9.91808,0.0,9.882014274597168
5.53,9.94454,0.0,9.903536796569824
5.54,9.96638,0.0,9.926589965820312
5.55,9.988,0.0,9.949461936950684
5.56,10.00518,0.0,9.970328330993652
5.57,10.03061,0.0,9.993000984191895
5.58,10.05161,0.0,10.014689445495605
5.59,10.07242,0.0,10.035210609436035
5.6,10.08897,0.0,10.057896614074707
5.61,10.11349,0.0,10.079980850219727
5.62,10.13378,0.0,10.102216720581055
5.63,10.15393,0.0,10.125382423400879
5.64,10.17395,0.0,10.144327163696289
5.65,10.19385,0.0,10.167409896850586
5.66,10.21365,0.0,10.187198638916016
5.67,10.23337,0.0,10.207119941711426
5.68,10.25302,0.0,10.230375289916992
5.69,10.27261,0.0,10.251496315002441
5.7,10.29217,0.0,10.275371551513672
5.71,10.31171,0.0,10.295525550842285
5.72,10.33124,0.0,10.317688941955566
5.73,10.35077,0.0,10.339837074279785
5.74,10.37032,0.0,10.359389305114746
5.75,10.38991,0.0,10.383410453796387
5.76,10.40953,0.0,10.403347969055176
5.77,10.4253,0.0,10.424650192260742
5.78,10.44893,0.0,10.446083068847656
5.79,10.46873,0.0,10.467397689819336
5.8,10.48859,0.0,10.48827838897705
5.81,10.50456,0.0,10.511382102966309
5.82,10.52853,0.0,10.531573295593262
5.83,10.54861,0.0,10.554247856140137
5.84,10.56876,0.0,10.574976921081543
5.85,10.58497,0.0,10.595290184020996
5.86,10.60927,0.0,10.616098403930664
5.87,10.62962,0.0,10.635801315307617
5.88,10.65003,0.0,10.65923023223877
5.89,10.67047,0.0,10.681267738342285
5.9,10.69097,0.0,10.701742172241211
5.91,10.71149,0.0,10.72394847869873
5.92,10.73203,0.0,10.74281120300293
5.93,10.7526,0.0,10.769441604614258
5.94,10.77316,0.0,10.785810470581055
5.95,10.79373,0.0,10.807267189025879
5.96,10.81428,0.0,10.827681541442871
5.97,10.8348,0.0,10.846670150756836
5.98,10.8553,0.0,10.868789672851562
5.99,10.87575,0.0,10.888586044311523
6.0,10.89617,0.0,10.909032821655273
6.01,10.91652,0.0,10.931005477905273
6.02,10.93279,0.0,10.950769424438477
6.03,10.95704,0.0,10.970691680908203
6.04,10.97719,0.0,10.989201545715332
6.05,10.99728,0.0,11.01016902923584
6.06,11.01332,0.0,11.029687881469727
6.07,11.03722,0.0,11.050593376159668
6.08,11.05707,0.0,11.070183753967285
6.09,11.07684,0.0,11.089837074279785
6.1,11.09262,0.0,11.109246253967285
6.11,11.11614,0.0,11.129485130310059
6.12,11.13568,0.0,11.151274681091309
6.13,11.15514,0.0,11.168370246887207
6.14,11.17069,0.0,11.187572479248047
6.15,11.19386,0.0,11.207385063171387
6.16,11.21311,0.0,11.226335525512695
6.17,11.23231,0.0,11.244873046875
6.18,11.25145,0.0,11.268975257873535
6.19,11.27054,0.0,11.28714370727539
6.2,11.28957,0.0,11.307784080505371
6.21,11.30856,0.0,11.325703620910645
6.22,11.3275,0.0,11.344756126403809
6.23,11.3464,0.0,11.366323471069336
6.24,11.36526,0.0,11.382285118103027
6.25,11.38408,0.0,11.403238296508789
6.26,11.40286,0.0,11.421460151672363
6.27,11.41788,0.0,11.440606117248535
6.28,11.44031,0.0,11.461655616760254
6.29,11.45899,0.0,11.478556632995605
6.3,11.47763,0.0,11.500819206237793
6.31,11.49254,0.0,11.520781517028809
6.32,11.5148,0.0,11.537735939025879
6.33,11.53332,0.0,11.558480262756348
6.34,11.55181,0.0,11.576452255249023
6.35,11.5666,0.0,11.594968795776367
6.36,11.58866,0.0,11.612785339355469
6.37,11.60702,0.0,11.62994384765625
6.38,11.62533,0.0,11.649531364440918
6.39,11.63997,0.0,11.66639232635498
6.4,11.66181,0.0,11.686307907104492
6.41,11.67998,0.0,11.701215744018555
6.42,11.69809,0.0,11.721799850463867
6.43,11.71615,0.0,11.738081932067871
6.44,11.73415,0.0,11.755468368530273
6.45,11.7521,0.0,11.775521278381348
6.46,11.77,0.0,11.795104026794434
6.47,11.78784,0.0,11.812980651855469
6.48,11.80562,0.0,11.832321166992188
6.49,11.82335,0.0,11.848209381103516
6.5,11.84103,0.0,11.867569923400879
6.51,11.85866,0.0,11.885293006896973
6.52,11.87275,0.0,11.903875350952148
6.53,11.89378,0.0,11.921893119812012
6.54,11.91126,0.0,11.940566062927246
6.55,11.92872,0.0,11.959996223449707
6.56,11.94267,0.0,11.978496551513672
6.57,11.96351,0.0,11.99506950378418
6.58,11.98086,0.0,12.014464378356934
6.59,11.99819,0.0,12.030586242675781
6.6,12.01207,0.0,12.047155380249023
6.61,12.03279,0.0,12.066508293151855
6.62,12.05007,0.0,12.083368301391602
6.63,12.06733,0.0,12.10231876373291
6.64,12.08117,0.0,12.119794845581055
6.65,12.10186,0.0,12.137537956237793
6.66,12.11913,0.0,12.157785415649414
6.67,12.1364,0.0,12.175667762756348
6.68,12.15369,0.0,12.191701889038086
6.69,12.17099,0.0,12.211215019226074
6.7,12.18829,0.0,12.226801872253418
6.71,12.20561,0.0,12.245224952697754
6.72,12.22295,0.0,12.26297664642334
6.73,12.24031,0.0,12.28217601776123
6.74,12.25769,0.0,12.297443389892578
6.75,12.27509,0.0,12.317647933959961
6.76,12.29249,0.0,12.333786964416504
6.77,12.30645,0.0,12.349513053894043
6.78,12.32736,0.0,12.3688383102417
6.79,12.34481,0.0,12.384024620056152
6.8,12.36227,0.0,12.404026985168457
6.81,12.37626,0.0,12.420968055725098
6.82,12.3972,0.0,12.440653800964355
6.83,12.41466,0.0,12.457080841064453
6.84,12.43212,0.0,12.472737312316895
6.85,12.44611,0.0,12.490346908569336
6.86,12.46702,0.0,12.508759498596191
6.87,12.48444,0.0,12.52606201171875
6.88,12.50185,0.0,12.543566703796387
6.89,12.51577,0.0,12.561814308166504
6.9,12.53658,0.0,12.578876495361328
6.91,12.55391,0.0,12.596473693847656
6.92,12.5712,0.0,12.614031791687012
6.93,12.58847,0.0,12.632800102233887
6.94,12.6057,0.0,12.64863395690918
6.95,12.62291,0.0,12.666801452636719
6.96,12.64008,0.0,12.682832717895508
6.97,12.65722,0.0,12.701281547546387
6.98,12.67434,0.0,12.719095230102539
6.99,12.69144,0.0,12.734304428100586
7.0,12.70852,0.0,12.752884864807129
7.01,12.72558,0.0,12.77224349975586
7.02,12.73925,0.0,12.789284706115723
7.03,12.75969,0.0,12.807671546936035
7.04,12.77676,0.0,12.823784828186035
7.05,12.79383,0.0,12.841236114501953
7.06,12.80753,0.0,12.857678413391113
7.07,12.82807,0.0,12.873506546020508
7.08,12.84525,0.0,12.893538475036621
7.09,12.86248,0.0,12.909819602966309
7.1,12.87633,0.0,12.927384376525879
7.11,12.89712,0.0,12.942706108093262
7.12,12.91456,0.0,12.962841987609863
7.13,12.93208,0.0,12.975931167602539
7.14,12.94618,0.0,12.992026329040527
7.15,12.9674,0.0,13.00914478302002
7.16,12.98521,0.0,13.02920150756836
7.17,13.00313,0.0,13.045619010925293
7.18,13.02117,0.0,13.063542366027832
7.19,13.03932,0.0,13.079535484313965
7.2,13.05758,0.0,13.097886085510254
7.21,13.07594,0.0,13.115957260131836
7.22,13.09442,0.0,13.135054588317871
7.23,13.11299,0.0,13.15242862701416
7.24,13.13166,0.0,13.171036720275879
7.25,13.15042,0.0,13.187393188476562
7.26,13.16925,0.0,13.208166122436523
7.27,13.18438,0.0,13.225481033325195
7.28,13.20707,0.0,13.241117477416992
7.29,13.22604,0.0,13.26073932647705
7.3,13.24503,0.0,13.273523330688477
7.31,13.26023,0.0,13.29036808013916
7.32,13.28295,0.0,13.305525779724121
7.33,13.30185,0.0,13.323700904846191
7.34,13.32069,0.0,13.33944320678711
7.35,13.33573,0.0,13.354960441589355
7.36,13.35809,0.0,13.373604774475098
7.37,13.37661,0.0,13.388091087341309
7.38,13.39498,0.0,13.40689754486084
7.39,13.40957,0.0,13.42280101776123
7.4,13.4312,0.0,13.440279006958008
7.41,13.44899,0.0,13.456408500671387
7.42,13.46658,0.0,13.47459888458252
7.43,13.48393,0.0,13.492838859558105
7.44,13.50104,0.0,13.508557319641113
7.45,13.51789,0.0,13.52792739868164
7.46,13.53448,0.0,13.547125816345215
7.47,13.5508,0.0,13.565544128417969
7.48,13.56686,0.0,13.582605361938477
7.49,13.58266,0.0,13.601175308227539
7.5,13.59821,0.0,13.616159439086914
7.51,13.61349,0.0,13.63447093963623
7.52,13.62557,0.0,13.650870323181152
7.53,13.64337,0.0,13.666318893432617
7.54,13.658,0.0,13.684489250183105
7.55,13.67244,0.0,13.700017929077148
7.56,13.68389,0.0,13.71640682220459
7.57,13.70086,0.0,13.73048210144043
7.58,13.7149,0.0,13.75022029876709
7.59,13.72887,0.0,13.764488220214844
7.6,13.74001,0.0,13.780415534973145
7.61,13.75668,0.0,13.796903610229492
7.62,13.7706,0.0,13.813830375671387
7.63,13.78458,0.0,13.827693939208984
7.64,13.79584,0.0,13.842769622802734
7.65,13.81282,0.0,13.8588285446167
7.66,13.82716,0.0,13.876235008239746
7.67,13.84168,0.0,13.893288612365723
7.68,13.85642,0.0,13.908609390258789
7.69,13.8714,0.0,13.929497718811035
7.7,13.88666,0.0,13.945372581481934
7.71,13.90219,0.0,13.966845512390137
7.72,13.91804,0.0,13.984880447387695
7.73,13.93422,0.0,14.000807762145996
7.74,13.95073,0.0,14.01925277709961
7.75,13.96759,0.0,14.035218238830566
7.76,13.9848,0.0,14.052578926086426
7.77,13.99884,0.0,14.069353103637695
7.78,14.02025,0.0,14.088294982910156
7.79,14.03848,0.0,14.104313850402832
7.8,14.05703,0.0,14.12230110168457
7.81,14.0721,0.0,14.139097213745117
7.82,14.09498,0.0,14.155909538269043
7.83,14.11434,0.0,14.173110008239746
7.84,14.13391,0.0,14.18756103515625
7.85,14.14972,0.0,14.204174995422363
7.86,14.17353,0.0,14.220462799072266
7.87,14.1935,0.0,14.239461898803711
7.88,14.21352,0.0,14.25184154510498
7.89,14.22953,0.0,14.2669038772583
7.9,14.25344,0.0,14.285710334777832
7.91,14.27326,0.0,14.296870231628418
7.92,14.2929,0.0,14.317652702331543
7.93,14.30847,0.0,14.333395004272461
7.94,14.33142,0.0,14.350530624389648
7.95,14.35019,0.0,14.367528915405273
7.96,14.36855,0.0,14.381625175476074
7.97,14.38644,0.0,14.400068283081055
7.98,14.4038,0.0,14.411276817321777
7.99,14.42059,0.0,14.429092407226562
8.0,14.43675,0.0,14.442608833312988
8.01,14.45222,0.0,14.455321311950684
8.02,14.46696,0.0,14.471413612365723
8.03,14.48092,0.0,14.484365463256836
8.04,14.49153,0.0,14.499267578125
8.05,14.504,0.0,14.513309478759766
8.06,14.51559,0.0,14.525995254516602
8.07,14.52828,0.0,14.537032127380371
8.08,14.53785,0.0,14.545186042785645
8.09,14.54646,0.0,14.555594444274902
8.1,14.5541,0.0,14.562627792358398
8.11,14.56077,0.0,14.56975269317627
8.12,14.56541,0.0,14.577874183654785
8.13,14.57032,0.0,14.585088729858398
8.14,14.57426,0.0024,14.59138011932373
8.15,14.57772,0.00389,14.595202445983887
8.16,14.57958,0.00494,14.597701072692871
8.17,14.58053,0.00582,14.595772743225098
8.18,14.58059,0.00652,14.5977783203125
8.19,14.57979,0.00705,14.594391822814941
8.2,14.57818,0.00739,14.592345237731934
8.21,14.57578,0.00756,14.591297149658203
8.22,14.57265,0.00756,14.591756820678711
8.23,14.56882,0.00739,14.593281745910645
8.24,14.56434,0.00707,14.59256649017334
8.25,14.55927,0.00659,14.590914726257324
8.26,14.55365,0.00598,14.588948249816895
8.27,14.54753,0.00524,14.58719253540039
8.28,14.54097,0.00438,14.586441993713379
8.29,14.53542,0.00361,14.584466934204102
8.3,14.5267,0.00235,14.582228660583496
8.31,14.51911,0.0012,14.582411766052246
8.32,14.51127,0.0,14.58005142211914
8.33,14.50322,0.0,14.578022003173828
8.34,14.49501,0.0,14.575684547424316
8.35,14.48669,0.0,14.573487281799316
8.36,14.47828,0.0,14.569191932678223
8.37,14.47152,0.0,14.565995216369629
8.38,14.46136,0.0,14.561939239501953
8.39,14.45289,0.0,14.558387756347656
8.4,14.44446,0.0,14.554864883422852
8.41,14.43607,0.0,14.55003833770752
8.42,14.42774,0.0,14.54625415802002
8.43,14.41949,0.0,14.541106224060059
8.44,14.41131,0.0,14.53563117980957
8.45,14.40322,0.0,14.532093048095703
8.46,14.3952,0.0,14.52657699584961
8.47,14.38727,0.0,14.522367477416992
8.48,14.3794,0.0,14.518660545349121
8.49,14.3716,0.0,14.513836860656738
8.5,14.36384,0.0,14.511256217956543
8.51,14.35613,0.0,14.503802299499512
8.52,14.34845,0.0,14.498275756835938
8.53,14.34077,0.0,14.492776870727539
8.54,14.33463,0.0,14.48753833770752
8.55,14.32541,0.0,14.481603622436523
8.56,14.31769,0.0,14.475302696228027
8.57,14.30993,0.0,14.470725059509277
8.58,14.30213,0.0,14.46521282196045
8.59,14.29426,0.0,14.458240509033203
8.6,14.28632,0.0,14.450712203979492
8.61,14.27833,0.0,14.444962501525879
8.62,14.27187,0.0,14.438913345336914
8.63,14.26212,0.0,14.430647850036621
8.64,14.25391,0.0,14.423070907592773
8.65,14.24564,0.0,14.416316032409668
8.66,14.23733,0.0,14.40891170501709
8.67,14.22898,0.0,14.401228904724121
8.68,14.2206,0.0,14.394094467163086
8.69,14.21222,0.0,14.387386322021484
8.7,14.20551,0.0,14.380006790161133
8.71,14.19551,0.0,14.372780799865723
8.72,14.18723,0.0,14.366219520568848
8.73,14.17902,0.0,14.35846996307373
8.74,14.1709,0.0,14.350382804870605
8.75,14.16291,0.0,14.342389106750488
8.76,14.15506,0.0,14.334871292114258
8.77,14.14737,0.0,14.326528549194336
8.78,14.13986,0.0,14.318635940551758
8.79,14.13398,0.0,14.311482429504395
8.8,14.12545,0.0,14.3034029006958
8.81,14.11857,0.0,14.29557991027832
8.82,14.11193,0.0,14.287054061889648
8.83,14.10552,0.0,14.279114723205566
8.84,14.09936,0.0,14.27098274230957
8.85,14.09343,0.0,14.262622833251953
8.86,14.08773,0.0,14.253360748291016
8.87,14.08332,0.0,14.244606018066406
8.88,14.07697,0.0,14.235896110534668
8.89,14.07189,0.0,14.226899147033691
8.9,14.06697,0.0,14.218337059020996
8.91,14.06218,0.0,14.209548950195312
8.92,14.0575,0.0,14.199972152709961
8.93,14.05289,0.0,14.19124698638916
8.94,14.04833,0.0,14.182890892028809
8.95,14.04467,0.0,14.17387866973877
8.96,14.03916,0.0,14.164402961730957
8.97,14.03448,0.0,14.153959274291992
8.98,14.02969,0.0,14.146746635437012
8.99,14.02473,0.0,14.135924339294434
9.0,14.01958,0.0,14.126035690307617
9.01,14.0142,0.0,14.117772102355957
9.02,14.00855,0.0,14.10802936553955
9.03,14.0026,0.0,14.099320411682129
9.04,13.9976,0.0,14.088831901550293
9.05,13.98969,0.0,14.082240104675293
9.06,13.98268,0.0,14.071182250976562
9.07,13.97529,0.0,14.06319522857666
9.08,13.9675,0.0,14.053858757019043
9.09,13.95932,0.0,14.042222023010254
9.1,13.95074,0.0,14.031875610351562
9.11,13.94178,0.0,14.0226411819458
9.12,13.93434,0.0,14.012521743774414
9.13,13.92278,0.0,14.003434181213379
9.14,13.91279,0.0,13.992987632751465
9.15,13.90252,0.0,13.983501434326172
9.16,13.89201,0.0,13.974063873291016
9.17,13.88132,0.0,13.962532997131348
9.18,13.87048,0.0,13.954474449157715
9.19,13.85955,0.0,13.945334434509277
9.2,13.85078,0.0,13.935729026794434
9.21,13.83768,0.0,13.925973892211914
9.22,13.82686,0.0,13.917702674865723
9.23,13.8162,0.0,13.909823417663574
9.24,13.80576,0.0,13.900181770324707
9.25,13.79561,0.0,13.891409873962402
9.26,13.7858,0.0,13.883752822875977
9.27,13.77639,0.0,13.876701354980469
9.28,13.76742,0.0,13.867680549621582
9.29,13.7606,0.0,13.860457420349121
9.3,13.75101,0.0,13.854422569274902
9.31,13.74363,0.0,13.847830772399902
9.32,13.73682,0.0,13.83924674987793
9.33,13.73061,0.0,13.834212303161621
9.34,13.72498,0.0,13.827925682067871
9.35,13.71992,0.0,13.82197380065918
9.36,13.71542,0.0,13.813190460205078
9.37,13.71218,0.0,13.80616283416748
9.38,13.70789,0.0,13.798637390136719
9.39,13.70476,0.0,13.791799545288086
9.4,13.70195,0.0,13.783955574035645
9.41,13.69937,0.0,13.7769136428833
9.42,13.69691,0.0,13.77067756652832
9.43,13.69447,0.0,13.761029243469238
9.44,13.69191,0.0,13.755428314208984
9.45,13.68968,0.0,13.748269081115723
9.46,13.68588,0.0,13.739216804504395
9.47,13.6821,0.0,13.730335235595703
9.48,13.67759,0.0,13.719921112060547
9.49,13.67218,0.0,13.711374282836914
9.5,13.66568,0.0,13.70212459564209
9.51,13.65794,0.0,13.69100284576416
9.52,13.64874,0.0,13.67897891998291
9.53,13.63791,0.0,13.66724681854248
9.54,13.62795,0.0,13.655376434326172
9.55,13.61065,0.0,13.640472412109375
9.56,13.59385,0.0,13.62419605255127
9.57,13.57471,0.0,13.605088233947754
9.58,13.55308,0.0,13.584826469421387
9.59,13.5288,0.0,13.55898380279541
9.6,13.50173,0.0,13.53174114227295
9.61,13.47175,0.0,13.506906509399414
9.62,13.44557,0.0,13.480507850646973
9.63,13.40263,0.0,13.441299438476562
9.64,13.36331,0.0,13.403326988220215
9.65,13.32074,0.0,13.360282897949219
9.66,13.27485,0.0,13.313628196716309
9.67,13.22564,0.0,13.265711784362793
9.68,13.17309,0.0,13.21316909790039
9.69,13.11723,0.0,13.154361724853516
9.7,13.07007,0.0,13.098271369934082
9.71,12.99569,0.0,13.030417442321777
9.72,12.93015,0.0,12.961529731750488
9.73,12.86155,0.0,12.877519607543945
9.74,12.78998,0.0,12.7819185256958
9.75,12.71559,0.0,12.67577075958252
9.76,12.63849,0.0,12.578289985656738
9.77,12.55886,0.0,12.493346214294434
9.78,12.47687,0.0,12.408740043640137
9.79,12.4096,0.0,12.312457084655762
9.8,12.30645,0.0,12.233155250549316
9.81,12.2185,0.0,12.148850440979004
9.82,12.12891,0.0,12.071976661682129
9.83,12.03794,0.0,11.995891571044922
9.84,11.94578,0.0,11.91301155090332
9.85,11.85267,0.0,11.845566749572754
9.86,11.75881,0.0,11.775266647338867
9.87,11.68321,0.0,11.703461647033691
9.88,11.5696,0.0,11.607738494873047
9.89,11.4748,0.0,11.537955284118652
9.9,11.37998,0.0,11.460301399230957
9.91,11.28541,0.0,11.384554862976074
9.92,11.19126,0.0,11.296331405639648
9.93,11.09769,0.0,11.192569732666016
9.94,11.00483,0.0,11.104243278503418
9.95,10.93105,0.0,11.010679244995117
9.96,10.82182,0.0,10.909632682800293
9.97,10.73187,0.0,10.81999683380127
9.98,10.64309,0.0,10.725266456604004
9.99,10.55556,0.0,10.619595527648926
10.0,10.46926,0.0,10.520868301391602
10.01,10.38438,0.0,10.41861629486084
10.02,10.30081,0.0,10.3145170211792
10.03,10.21858,0.0,10.208374977111816
10.04,10.15369,0.0,10.097735404968262
10.05,10.0581,0.0,9.94930362701416
10.06,9.97977,0.0,9.814234733581543
10.07,9.90264,0.0,9.709144592285156
10.08,9.82664,0.0,9.643507957458496
10.09,9.75168,0.0,9.594547271728516
10.1,9.67763,0.0,9.522953987121582
10.11,9.60451,0.0,9.442233085632324
10.12,9.54645,0.0,9.365650177001953
10.13,9.46025,0.0,9.260697364807129
10.14,9.38889,0.0,9.185787200927734
10.15,9.31789,0.0,9.111306190490723
10.16,9.2471,0.0,9.08045768737793
10.17,9.17641,0.0,9.034296989440918
10.18,9.10566,0.0,8.975024223327637
10.19,9.03473,0.0,8.92665958404541
10.2,8.97767,0.0,8.872440338134766
10.21,8.89183,0.0,8.808187484741211
10.22,8.81964,0.0,8.759660720825195
10.23,8.74679,0.0,8.705289840698242
10.24,8.67319,0.0,8.639692306518555
10.25,8.59874,0.0,8.57550048828125
10.26,8.52338,0.0,8.514267921447754
10.27,8.44704,0.0,8.464317321777344
10.28,8.36965,0.0,8.39498519897461
10.29,8.30687,0.0,8.325606346130371
10.3,8.21157,0.0,8.249446868896484
10.31,8.13082,0.0,8.172988891601562
10.32,8.04894,0.0,8.098278999328613
10.33,7.96591,0.0,8.022892951965332
10.34,7.88175,0.0,7.946491241455078
10.35,7.79648,0.0,7.862064361572266
10.36,7.71014,0.0,7.777425765991211
10.37,7.64025,0.0,7.6893768310546875
10.38,7.53446,0.0,7.595012664794922
10.39,7.44525,0.0,7.496619701385498
10.4,7.35515,0.0,7.392926216125488
10.41,7.26438,0.0,7.293951034545898
10.42,7.1729,0.0,7.200522422790527
10.43,7.08084,0.0,7.109015941619873
10.44,6.98826,0.0,7.009596347808838
10.45,6.91382,0.0,6.908696174621582
10.46,6.80198,0.0,6.801878929138184
10.47,6.70845,0.0,6.7063517570495605
10.48,6.61477,0.0,6.602825164794922
10.49,6.52103,0.0,6.494255542755127
10.5,6.42733,0.0,6.381659507751465
10.51,6.33374,0.0,6.271993637084961
10.52,6.24032,0.0,6.166265487670898
10.53,6.14715,0.0,6.0588059425354
10.54,6.07278,0.0,5.9519829750061035
10.55,5.96183,0.0,5.830255508422852
10.56,5.86978,0.0,5.709464073181152
10.57,5.77821,0.0,5.610087871551514
10.58,5.68714,0.0,5.506318092346191
10.59,5.59663,0.0,5.383366107940674
10.6,5.50664,0.0,5.272453308105469
10.61,5.4173,0.0,5.174649715423584
10.62,5.34617,0.0,5.081577301025391
10.63,5.24034,0.0,5.000393390655518
10.64,5.15275,0.0,4.8994035720825195
10.65,5.06574,0.0,4.7958903312683105
10.66,4.9793,0.0,4.695669174194336
10.67,4.89339,0.0,4.592435836791992
10.68,4.80799,0.0,4.5009942054748535
10.69,4.72307,0.0,4.408677577972412
10.7,4.65535,0.0,4.3206963539123535
10.71,4.55444,0.0,4.231996536254883
10.72,4.47064,0.0,4.140286922454834
10.73,4.38709,0.0,4.057225227355957
10.74,4.30375,0.0,3.975841522216797
10.75,4.22053,0.0,3.888253688812256
10.76,4.13736,0.0,3.798171043395996
10.77,4.05416,0.0,3.713716506958008
10.78,3.97085,0.0,3.619443416595459
10.79,3.90401,0.0,3.54024600982666
10.8,3.80354,0.0,3.466154098510742
10.81,3.71939,0.0,3.376945972442627
10.82,3.63475,0.0,3.299017906188965
10.83,3.54956,0.0,3.2140684127807617
10.84,3.46372,0.0,3.1286001205444336
10.85,3.37714,0.0,3.064431667327881
10.86,3.28973,0.0,3.002570629119873
10.87,3.2191,0.0,2.936619758605957
10.88,3.11207,0.0,2.8708534240722656
10.89,3.02178,0.0,2.79815673828125
10.9,2.93032,0.0,2.7282443046569824
10.91,2.83768,0.0,2.6522717475891113
10.92,2.74384,0.0,2.5741634368896484
10.93,2.64873,0.0,2.4897284507751465
10.94,2.5524,0.0,2.4030070304870605
10.95,2.47435,0.0,2.3168225288391113
10.96,2.35597,0.0,2.2234954833984375
10.97,2.25594,0.0,2.1438491344451904
10.98,2.15475,0.0,2.0597405433654785
10.99,2.0525,0.0,1.9698848724365234
11.0,1.94926,0.0,1.88804292678833
11.01,1.84519,0.0,1.808702826499939
11.02,1.74038,0.0,1.7290288209915161
11.03,1.63502,0.0,1.6485673189163208
11.04,1.5504,0.0,1.57051682472229
11.05,1.42343,0.0,1.4816309213638306
11.06,1.31761,0.0,1.3924580812454224
11.07,1.21214,0.0,1.301719307899475
11.08,1.10724,0.0,1.2016282081604004
11.09,1.00321,0.0,1.1076030731201172
11.1,0.90034,0.00328,1.0258151292800903
11.11,0.79904,0.00581,0.9320827126502991
11.12,0.71921,0.00774,0.8483749628067017
11.13,0.60216,0.01046,0.7735927104949951
11.14,0.50729,0.01254,0.6836791038513184
11.15,0.41526,0.01444,0.603230893611908
11.16,0.32641,0.01615,0.5416989326477051
11.17,0.24107,0.01764,0.45884090662002563
11.18,0.15955,0.01892,0.3881470263004303
11.19,0.08219,0.01998,0.31110483407974243
11.2,0.02378,0.02066,0.23894304037094116
11.21,0.0,0.0214,0.17421621084213257
11.22,0.0,0.02176,0.1082276701927185
11.23,0.0,0.0219,0.06036937236785889
11.24,0.0,0.0218,0.008540630340576172
11.25,0.0,0.02149,-0.03839746117591858
11.26,0.0,0.02097,-0.09026235342025757
11.27,0.0,0.02025,-0.13232383131980896
11.28,0.0,0.01935,-0.14279460906982422
11.29,0.0,0.0185,-0.14305907487869263
11.3,0.0,0.01703,-0.14394620060920715
11.31,0.0,0.01566,-0.14349156618118286
11.32,0.0,0.01416,-0.14351418614387512
11.33,0.0,0.01256,-0.1415610909461975
11.34,0.0,0.01087,-0.13653287291526794
11.35,0.0,0.00912,-0.13153305649757385
11.36,0.0,0.00733,-0.12641191482543945
11.37,0.0,0.00588,-0.12729176878929138
11.38,0.0,0.00369,-0.11756148934364319
11.39,0.0,0.00189,-0.113314688205719
11.4,0.0,0.0,-0.1070808470249176
11.41,0.0,0.0,-0.10497158765792847
11.42,0.0,0.0,-0.10297155380249023
11.43,0.0,0.0,-0.09796133637428284
11.44,0.0,0.0,-0.10096359252929688
11.45,0.0,0.0,-0.10141998529434204
11.46,0.0,0.0,-0.10200479626655579
11.47,0.0,0.0,-0.1026061475276947
11.48,0.0,0.0,-0.10470825433731079
11.49,0.0,0.0,-0.10446476936340332
11.5,0.02852,0.0,-0.10492566227912903
11.51,0.0626,0.0,-0.1060141921043396
11.52,0.0947,0.0,-0.10471481084823608
11.53,0.12448,0.0,-0.10591033101081848
11.54,0.14647,0.0,-0.10579532384872437
11.55,0.17602,0.0,-0.10955807566642761
11.56,0.19731,0.0,-0.11127156019210815
11.57,0.21537,0.0,-0.11414024233818054
11.58,0.23009,0.0,-0.1156018078327179
11.59,0.24138,0.0,-0.11674460768699646
11.6,0.2492,0.0,-0.11816313862800598
11.61,0.25355,0.0,-0.1200704276561737
11.62,0.25455,0.0,-0.11932280659675598
11.63,0.25207,0.0,-0.12018495798110962
11.64,0.24645,0.0,-0.11954084038734436
11.65,0.23777,0.0,-0.11900252103805542
11.66,0.22624,0.0,-0.1184777021408081
11.67,0.21206,0.0,-0.11810502409934998
11.68,0.1955,0.0,-0.11767065525054932
11.69,0.17682,0.0,-0.1172049343585968
11.7,0.16052,0.0,-0.11689099669456482
11.71,0.13429,0.0,-0.1166549026966095
11.72,0.11107,0.0,-0.11643713712692261
11.73,0.08698,0.0,-0.11610531806945801
11.74,0.06234,0.0,-0.11603757739067078
11.75,0.03748,0.0,-0.11596623063087463
11.76,0.01299,0.0,-0.115843266248703
11.77,0.0,0.0,-0.1158735454082489
11.78,0.0,0.0,-0.11589828133583069
11.79,0.0,0.0,-0.11595705151557922
11.8,0.0,0.0,-0.11608099937438965
11.81,0.0,0.0,-0.11621138453483582
11.82,0.0,0.0,-0.11634916067123413
11.83,0.0,0.0,-0.1164957582950592
11.84,0.0,0.0,-0.11680153012275696
11.85,0.0,0.0,-0.11694195866584778
11.86,0.0,0.0,-0.1170147955417633
11.87,0.0,0.0,-0.11706432700157166
11.88,0.0,0.0,-0.11706727743148804
11.89,0.0,0.0,-0.11616197228431702
11.9,0.0,0.0,-0.11569571495056152
11.91,0.0,0.0,-0.11501702666282654
11.92,0.0,0.0,-0.1140049397945404
11.93,0.0,0.0,-0.11280027031898499
11.94,0.0,0.0,-0.11175170540809631
11.95,0.0,0.0,-0.1119326651096344
11.96,0.0,0.0,-0.10976359248161316
11.97,0.0,0.0,-0.10906797647476196
11.98,0.0,0.0,-0.10860380530357361
11.99,0.0,0.0,-0.10836273431777954
12.0,0.0,0.0,-0.10836797952651978
12.01,0.0,0.0,-0.10795512795448303
12.02,0.0,0.0,-0.1073760986328125
12.03,0.0,0.0,-0.10754898190498352
12.04,0.0,0.00103,-0.1077812910079956
12.05,0.0,0.00163,-0.10840123891830444
12.06,0.02451,0.00215,-0.10926353931427002
12.07,0.04058,0.00268,-0.10984104871749878
12.08,0.05574,0.00322,-0.11038845777511597
12.09,0.06983,0.00375,-0.11129486560821533
12.1,0.0827,0.00426,-0.11178970336914062
12.11,0.09421,0.00475,-0.11228147149085999
12.12,0.10237,0.00513,-0.11174449324607849
12.13,0.11275,0.00564,-0.11320644617080688
12.14,0.11962,0.00603,-0.11371070146560669
12.15,0.12483,0.00636,-0.11436384916305542
12.16,0.12834,0.00663,-0.11462098360061646
12.17,0.13017,0.00684,-0.11480629444122314
12.18,0.13033,0.00698,-0.11501079797744751
12.19,0.12887,0.00705,-0.1146630346775055
12.2,0.12656,0.00706,-0.1144082248210907
12.21,0.12131,0.00698,-0.11424428224563599
12.22,0.1154,0.00684,-0.1141287088394165
12.23,0.10821,0.00662,-0.11404949426651001
12.24,0.09986,0.00633,-0.11397969722747803
12.25,0.09048,0.00598,-0.11392784118652344
12.26,0.08023,0.00557,-0.11394205689430237
12.27,0.06926,0.0051,-0.11401844024658203
12.28,0.06006,0.00469,-0.11406952142715454
12.29,0.04818,0.00413,-0.11412477493286133
12.3,0.03358,0.00342,-0.11414235830307007
12.31,0.0213,0.00279,-0.1141972541809082
12.32,0.00125,0.00215,-0.11440896987915039
12.33,0.0,0.00149,-0.11459621787071228
12.34,0.0,0.0,-0.11486974358558655
12.35,0.0,0.0,-0.11512544751167297
12.36,0.0,0.0,-0.11533784866333008
12.37,0.0,0.0,-0.1155250072479248
12.38,0.0,0.0,-0.11567729711532593
12.39,0.0,0.0,-0.11586856842041016
12.4,0.0,0.0,-0.11592453718185425
12.41,0.0,0.0,-0.11602222919464111
12.42,0.0,0.0,-0.11609303951263428
12.43,0.0,0.0,-0.11605286598205566
12.44,0.0,0.0,-0.11592191457748413
12.45,0.0,0.0,-0.11585617065429688
12.46,0.0,0.0,-0.11494660377502441
12.47,0.0,0.0,-0.11438900232315063
12.48,0.0,0.0,-0.1139167845249176
12.49,0.0,0.0,-0.11329582333564758
12.5,0.0,0.0,-0.11277592182159424
12.51,0.0,0.0,-0.11213141679763794
12.52,0.0,0.0,-0.11151251196861267
12.53,0.0,0.0,-0.11157602071762085
12.54,0.0,0.0,-0.11110317707061768
12.55,0.0,0.0,-0.1107984185218811
12.56,0.0,0.0,-0.1105736792087555
12.57,0.0,0.0,-0.11049032211303711
12.58,0.0,0.0,-0.110359787940979
12.59,0.0,0.0,-0.11032229661941528
12.6,0.0,0.0,-0.11036938428878784
12.61,0.0,0.0,-0.11046427488327026
12.62,0.00832,0.0011,-0.11050945520401001
12.63,0.01873,0.00169,-0.11085349321365356
12.64,0.02583,0.00214,-0.11137586832046509
12.65,0.03242,0.00257,-0.11182641983032227
12.66,0.03843,0.00295,-0.11222970485687256
12.67,0.0438,0.00329,-0.11246803402900696
12.68,0.04849,0.00358,-0.11278831958770752
12.69,0.05246,0.00382,-0.11321043968200684
12.7,0.05509,0.00397,-0.11312904953956604
12.71,0.05812,0.00413,-0.11421921849250793
12.72,0.05978,0.00419,-0.11467105150222778
12.73,0.06067,0.0042,-0.11504632234573364
12.74,0.0608,0.00415,-0.1154957115650177
12.75,0.06019,0.00405,-0.11572694778442383
12.76,0.05886,0.00389,-0.1156802773475647
12.77,0.05686,0.00368,-0.1156625747680664
12.78,0.0548,0.00348,-0.11565607786178589
12.79,0.05171,0.00319,-0.11566486954689026
12.8,0.0473,0.00279,-0.11569693684577942
12.81,0.04312,0.00243,-0.11572471261024475
12.82,0.03855,0.00203,-0.11576852202415466
12.83,0.03365,0.00162,-0.11582762002944946
12.84,0.0285,0.00119,-0.11590263247489929
12.85,0.02316,0.0,-0.1159752607345581
12.86,0.01772,0.0,-0.11604124307632446
12.87,0.01332,0.0,-0.11611294746398926
12.88,0.0,0.0,-0.11611226201057434
12.89,0.0,0.0,-0.11617892980575562
12.9,0.0,0.0,-0.11617061495780945
12.91,0.0,0.0,-0.11627677083015442
12.92,0.0,0.0,-0.1162291169166565
12.93,0.0,0.0,-0.11624237895011902
12.94,0.0,0.0,-0.11624071002006531
12.95,0.0,0.0,-0.11623010039329529
12.96,0.0,0.0,-0.11620846390724182
12.97,0.0,0.0,-0.11617469787597656
12.98,0.0,0.0,-0.1161317527294159
12.99,0.0,0.0,-0.11615842580795288
13.0,0.0,0.0,-0.11592921614646912
13.01,0.0,0.0,-0.11573654413223267
13.02,0.0,0.0,-0.11531120538711548
13.03,0.0,0.0,-0.11529457569122314
13.04,0.0,0.0,-0.11492806673049927
13.05,0.0,0.0,-0.11424246430397034
13.06,0.0,0.0,-0.11380332708358765
13.07,0.0,0.0,-0.1133185625076294
13.08,0.0,0.0,-0.11276015639305115
13.09,0.0,0.0,-0.11243343353271484
13.1,0.0,0.0,-0.11210876703262329
13.11,0.0,0.0,-0.11177590489387512
13.12,0.0,0.0,-0.11181497573852539
13.13,0.0,0.0012,-0.11124905943870544
13.14,0.0,0.0017,-0.11098054051399231
13.15,0.0,0.0022,-0.11074644327163696
13.16,0.0,0.0027,-0.11035749316215515
13.17,0.0,0.0032,-0.10990428924560547
13.18,0.0,0.00369,-0.109296053647995
13.19,0.0,0.00417,-0.108509361743927
13.2,0.0,0.00455,-0.10851916670799255
13.21,0.0,0.00509,-0.10694640874862671
13.22,0.0,0.00552,-0.10600566864013672
13.23,0.0,0.00593,-0.10495159029960632
13.24,0.01175,0.00632,-0.10398361086845398
13.25,0.01414,0.00669,-0.10315456986427307
13.26,0.01638,0.00703,-0.1021692156791687
13.27,0.01845,0.00734,-0.10124638676643372
13.28,0.01998,0.00758,-0.10116466879844666
13.29,0.02174,0.00784,-0.10020303726196289
13.3,0.02364,0.00813,-0.09861084818840027
13.31,0.02504,0.00835,-0.0977398157119751
13.32,0.02629,0.00854,-0.09666827321052551
13.33,0.02739,0.0087,-0.09564819931983948
13.34,0.02835,0.00885,-0.09468644857406616
13.35,0.02918,0.00898,-0.09365299344062805
13.36,0.02989,0.00908,-0.09263265132904053
13.37,0.03038,0.00916,-0.0924648642539978
13.38,0.031,0.00925,-0.0906502902507782
13.39,0.03142,0.00932,-0.08971434831619263
13.4,0.03176,0.00937,-0.08878275752067566
13.41,0.03204,0.00941,-0.08792543411254883
13.42,0.03226,0.00944,-0.08713486790657043
13.43,0.03244,0.00947,-0.086495041847229
13.44,0.03257,0.00949,-0.0858963131904602
13.45,0.03266,0.0095,-0.08560448884963989
13.46,0.03275,0.00951,-0.08463850617408752
13.47,0.0328,0.00952,-0.08368083834648132
13.48,0.03284,0.00953,-0.08325845003128052
13.49,0.03287,0.00953,-0.08279049396514893
13.5,0.03289,0.00953,-0.08228251338005066
13.51,0.0329,0.00953,-0.0818423330783844
13.52,0.03291,0.00953,-0.08108603954315186
13.53,0.03291,0.00953,-0.08081415295600891
13.54,0.03291,0.00954,-0.07987672090530396
13.55,0.03291,0.00954,-0.07915619015693665
13.56,0.03291,0.00954,-0.0787651538848877
13.57,0.03291,0.00954,-0.07831111550331116
13.58,0.03291,0.00954,-0.07795625925064087
13.59,0.03291,0.00954,-0.07761862874031067
13.6,0.03291,0.00954,-0.07722294330596924
