time,veh_u,veh_v,model_LSTM_lon_2139.pt
0.0,0.05073,0.0,0.03881663829088211
0.01,0.04555,0.0,0.03881663829088211
0.02,0.04022,0.0,0.03881663829088211
0.03,0.0348,0.0,0.03881663829088211
0.04,0.02931,0.0,0.03881663829088211
0.05,0.0238,0.0,0.03881663829088211
0.06,0.0183,0.0,0.03881663829088211
0.07,0.01284,0.0,0.03881663829088211
0.08,0.0,0.0,0.03881663829088211
0.09,0.0,0.0,0.03881663829088211
0.1,0.0,0.0,0.03881663829088211
0.11,0.0,0.0,0.03881663829088211
0.12,0.0,0.0,0.03881663829088211
0.13,0.0,0.0,0.03881663829088211
0.14,0.0,0.0,0.03881663829088211
0.15,0.0,0.0,0.03881663829088211
0.16,0.0,0.0,0.03881663829088211
0.17,0.0,0.0,0.03881663829088211
0.18,0.0,0.00166,0.03881663829088211
0.19,0.0,0.00241,0.03881663829088211
0.2,0.0,0.0031,0.03881663829088211
0.21,0.0,0.00374,0.03881663829088211
0.22,0.0,0.00432,0.03881663829088211
0.23,0.0,0.00485,0.03881663829088211
0.24,0.0,0.00532,0.03881663829088211
0.25,0.0,0.00574,0.03881663829088211
0.26,0.0,0.0061,0.03881663829088211
0.27,0.0,0.0064,0.03881663829088211
0.28,0.0,0.00665,0.03881663829088211
0.29,0.0,0.00685,0.03881663829088211
0.3,0.0,0.00701,0.03881663829088211
0.31,0.0,0.00711,0.03881663829088211
0.32,0.0,0.00717,0.03881663829088211
0.33,0.0,0.00719,0.03881663829088211
0.34,0.0,0.00716,0.03881663829088211
0.35,0.0,0.00711,0.03881663829088211
0.36,0.0,0.007,0.03881663829088211
0.37,0.0,0.00687,0.03881663829088211
0.38,0.0,0.0067,0.03881663829088211
0.39,0.0,0.00651,0.03881663829088211
0.4,0.0,0.00629,0.03881663829088211
0.41,0.0,0.00609,0.03881663829088211
0.42,0.01188,0.00578,0.03881663829088211
0.43,0.015,0.00549,0.03881663829088211
0.44,0.01789,0.00519,0.03881663829088211
0.45,0.02053,0.00486,0.03881663829088211
0.46,0.02288,0.00453,0.03881663829088211
0.47,0.02455,0.00424,0.03881663829088211
0.48,0.02666,0.00381,0.03881663829088211
0.49,0.02805,0.00344,0.03881663829088211
0.5,0.02909,0.00305,0.03811311721801758
0.51,0.02977,0.00266,0.03709110990166664
0.52,0.03009,0.00226,0.035801418125629425
0.53,0.03006,0.00185,0.034256238490343094
0.54,0.02968,0.00143,0.03253931552171707
0.55,0.02897,0.00101,0.03068193979561329
0.56,0.02792,0.0,0.028723789379000664
0.57,0.02686,0.0,0.02665574476122856
0.58,0.02494,0.0,0.024507855996489525
0.59,0.02304,0.0,0.0223085954785347
0.6,0.02091,0.0,0.02013215981423855
0.61,0.01857,0.0,0.018013209104537964
0.62,0.01605,0.0,0.01599551923573017
0.63,0.01339,0.0,0.014084374532103539
0.64,0.01062,0.0,0.012234607711434364
0.65,0.0,0.0,0.010475356131792068
0.66,0.0,0.0,0.008841615170240402
0.67,0.0,0.0,0.0073357135988771915
0.68,0.0,0.0,0.005989742930978537
0.69,0.0,0.0,0.004808145109564066
0.7,0.0,0.0,0.003812787588685751
0.71,0.0,0.0,0.0029604691080749035
0.72,0.0,0.0,0.0022508972324430943
0.73,0.0,0.0,0.0017017321661114693
0.74,0.0,0.0,0.0013345968909561634
0.75,0.0,0.0,0.0011477479711174965
0.76,0.0,0.0,0.0011465316638350487
0.77,0.0,0.0,0.0013191839680075645
0.78,0.0,0.0,0.0016262833960354328
0.79,0.0,0.0,0.002035224810242653
0.8,0.0,0.0,0.0025545782409608364
0.81,0.0,0.0,0.00321381539106369
0.82,0.0,0.0,0.004006886389106512
0.83,0.0,0.0,0.004916009027510881
0.84,0.0,0.0,0.005918172653764486
0.85,0.0,0.0,0.007003473583608866
0.86,0.0,0.0,0.008173912763595581
0.87,0.0,0.0,0.009451813995838165
0.88,0.0,0.0,0.01077280007302761
0.89,0.0,0.0,0.01212453655898571
0.9,0.0,0.0,0.0134955495595932
0.91,0.0,0.0,0.014814229682087898
0.92,0.0,0.0,0.01605025865137577
0.93,0.0,0.0,0.017234936356544495
0.94,0.0,0.0,0.018333911895751953
0.95,0.0,0.0,0.019343454390764236
0.96,0.0,0.0,0.020274700596928596
0.97,0.0,0.0,0.02105364389717579
0.98,0.0,0.0,0.021710524335503578
0.99,0.0,0.0,0.02222776599228382
1.0,0.0,0.0,0.022612756118178368
1.01,0.0,0.0,0.022872114554047585
1.02,0.0,0.0,0.023014992475509644
1.03,0.0,0.0,0.02300712652504444
1.04,0.0,0.0,0.02287405915558338
1.05,0.0,0.00124,0.022571297362446785
1.06,0.0,0.00155,0.02213054709136486
1.07,0.0,0.00182,0.02159629575908184
1.08,0.0,0.00206,0.02096451446413994
1.09,0.0,0.00226,0.020284662023186684
1.1,0.0,0.00241,0.0195398461073637
1.11,0.0,0.00253,0.018739469349384308
1.12,0.0,0.0026,0.018063480034470558
1.13,0.0,0.00263,0.017389966174960136
1.14,0.0,0.00263,0.017002694308757782
1.15,0.0,0.00259,0.017123987898230553
1.16,0.0,0.00249,0.01845044083893299
1.17,0.0,0.00237,0.020679036155343056
1.18,0.0,0.00223,0.023621266707777977
1.19,0.0,0.00205,0.027110280469059944
1.2,0.0,0.00185,0.030998380854725838
1.21,0.0,0.00163,0.03502579778432846
1.22,0.0,0.00139,0.03916901722550392
1.23,0.0,0.00115,0.04326041787862778
1.24,0.0,0.0,0.04719945043325424
1.25,0.0,0.0,0.05096708610653877
1.26,0.0,0.0,0.05451972410082817
1.27,0.0,0.0,0.05793691799044609
1.28,0.0,0.0,0.06119431182742119
1.29,0.0,0.0,0.06435485184192657
1.3,0.0,0.0,0.06741084903478622
1.31,0.0,0.0,0.07030357420444489
1.32,0.0,0.0,0.07304517924785614
1.33,0.0,0.0,0.07565680891275406
1.34,0.0,0.0,0.0782846212387085
1.35,0.0,0.0,0.08085884898900986
1.36,0.0,0.0,0.08337736129760742
1.37,0.0,0.0,0.08581489324569702
1.38,0.0,0.0,0.08815928548574448
1.39,0.0,0.0,0.09045849740505219
1.4,0.0,0.0,0.09273333847522736
1.41,0.0,0.0,0.09498175233602524
1.42,0.0,0.0,0.09715935587882996
1.43,0.0,0.0,0.0992652028799057
1.44,0.0,0.0,0.10125761479139328
1.45,0.0,0.0,0.10314230620861053
1.46,0.0,0.0,0.10490085184574127
1.47,0.0,0.0,0.10650040954351425
1.48,0.0,0.00119,0.10802462697029114
1.49,0.0,0.00148,0.10951686650514603
1.5,0.0,0.00176,0.11096369475126266
1.51,0.01075,0.00204,0.11235951632261276
1.52,0.01388,0.00229,0.11375133693218231
1.53,0.01735,0.00253,0.11524410545825958
1.54,0.02119,0.00274,0.11685553938150406
1.55,0.02541,0.00292,0.11867677420377731
1.56,0.03003,0.00306,0.12070898711681366
1.57,0.03506,0.00317,0.12300534546375275
1.58,0.04053,0.00324,0.12568925321102142
1.59,0.04644,0.00327,0.12883765995502472
1.6,0.05281,0.00325,0.13251405954360962
1.61,0.05966,0.00318,0.13670335710048676
1.62,0.067,0.00307,0.141380175948143
1.63,0.07326,0.00295,0.1465337574481964
1.64,0.08152,0.00276,0.15205742418766022
1.65,0.09031,0.00253,0.15811684727668762
1.66,0.09963,0.00226,0.16463658213615417
1.67,0.11151,0.00188,0.1719733029603958
1.68,0.12204,0.00154,0.1801551878452301
1.69,0.13313,0.00116,0.18940287828445435
1.7,0.14479,0.0,0.19945941865444183
1.71,0.15701,0.0,0.21028530597686768
1.72,0.1698,0.0,0.2214011400938034
1.73,0.18316,0.0,0.23269353806972504
1.74,0.19708,0.0,0.2439088374376297
1.75,0.21157,0.0,0.25494927167892456
1.76,0.22662,0.0,0.26557275652885437
1.77,0.24222,0.0,0.2757556438446045
1.78,0.25836,0.0,0.285475492477417
1.79,0.27503,0.0,0.2947947680950165
1.8,0.29223,0.0,0.30383554100990295
1.81,0.30993,0.0,0.31328079104423523
1.82,0.32814,0.0,0.3236459195613861
1.83,0.34682,0.0,0.33441877365112305
1.84,0.36598,0.0,0.34532153606414795
1.85,0.38558,0.0,0.3584241569042206
1.86,0.40562,0.0,0.37298059463500977
1.87,0.42608,0.0,0.3895364999771118
1.88,0.44277,0.0,0.40743038058280945
1.89,0.46393,0.0,0.4260120093822479
1.9,0.48545,0.0,0.44615256786346436
1.91,0.50732,0.0,0.4671280086040497
1.92,0.53394,0.0,0.4894004464149475
1.93,0.55651,0.0,0.512152910232544
1.94,0.57937,0.0,0.5359538197517395
1.95,0.60249,0.0,0.5604138970375061
1.96,0.62587,0.0,0.5853927135467529
1.97,0.6495,0.0,0.61100834608078
1.98,0.67335,0.0,0.6366487741470337
1.99,0.69741,0.0,0.66256183385849
2.0,0.72168,0.0,0.6882796287536621
2.01,0.74128,0.0,0.7142614126205444
2.02,0.77076,0.0,0.7407183051109314
2.03,0.79064,0.0,0.767195999622345
2.04,0.82052,0.0,0.7940446138381958
2.05,0.84564,0.0,0.8213410377502441
2.06,0.87091,0.0,0.8491691946983337
2.07,0.89633,0.0,0.8772938251495361
2.08,0.92189,0.0,0.9054691195487976
2.09,0.9476,0.0,0.9339509010314941
2.1,0.97344,0.0,0.9628311395645142
2.11,0.99943,0.0,0.9922413229942322
2.12,1.02555,0.0,1.022219181060791
2.13,1.05182,0.0,1.0528959035873413
2.14,1.07824,0.0,1.08407723903656
2.15,1.1048,0.0,1.116073727607727
2.16,1.1315,0.0,1.148442029953003
2.17,1.15836,0.0,1.1808223724365234
2.18,1.18537,0.0,1.2130398750305176
2.19,1.21254,0.0,1.2451796531677246
2.2,1.23987,0.0,1.2771096229553223
2.21,1.26736,0.0,1.3088045120239258
2.22,1.29501,0.0,1.3402652740478516
2.23,1.32282,0.0,1.3713937997817993
2.24,1.3508,0.0,1.4024170637130737
2.25,1.37894,0.0,1.4334372282028198
2.26,1.40163,0.0,1.4641361236572266
2.27,1.43572,0.0,1.4948508739471436
2.28,1.45867,0.0,1.525414228439331
2.29,1.49313,0.0,1.5558313131332397
2.3,1.51633,0.0,1.5856701135635376
2.31,1.55116,0.0,1.6152931451797485
2.32,1.5804,0.0,1.6447423696517944
2.33,1.60977,0.0,1.6742281913757324
2.34,1.63928,0.0,1.7038065195083618
2.35,1.6689,0.0,1.7332310676574707
2.36,1.69865,0.0,1.7625360488891602
2.37,1.7285,0.0,1.7915173768997192
2.38,1.75845,0.0,1.8202195167541504
2.39,1.7885,0.0,1.8487352132797241
2.4,1.81865,0.0,1.876786708831787
2.41,1.84882,0.0,1.9046138525009155
2.42,1.87908,0.0,1.9326130151748657
2.43,1.90939,0.0,1.960229516029358
2.44,1.93975,0.0,1.9878331422805786
2.45,1.97014,0.0,2.0156564712524414
2.46,2.00055,0.0,2.043376922607422
2.47,2.03098,0.0,2.071261405944824
2.48,2.06142,0.0,2.0993213653564453
2.49,2.09185,0.0,2.1276261806488037
2.5,2.12228,0.0,2.155848503112793
2.51,2.14668,0.0,2.183673143386841
2.52,2.18308,0.0,2.21155047416687
2.53,2.20744,0.0,2.2394967079162598
2.54,2.24377,0.0,2.26768159866333
2.55,2.26807,0.0,2.2957992553710938
2.56,2.3043,0.0,2.3241796493530273
2.57,2.3345,0.0,2.3525495529174805
2.58,2.36464,0.0,2.380725145339966
2.59,2.39474,0.0,2.408703565597534
2.6,2.42478,0.0,2.4365994930267334
2.61,2.45476,0.0,2.46435546875
2.62,2.48469,0.0,2.4922897815704346
2.63,2.51456,0.0,2.5203421115875244
2.64,2.54437,0.0,2.548443555831909
2.65,2.57413,0.0,2.5766263008117676
2.66,2.60382,0.0,2.6047708988189697
2.67,2.63346,0.0,2.6332216262817383
2.68,2.66305,0.0,2.6617190837860107
2.69,2.69258,0.0,2.69037127494812
2.7,2.72206,0.0,2.71901273727417
2.71,2.75148,0.0,2.747450351715088
2.72,2.78085,0.0,2.775871753692627
2.73,2.81017,0.0,2.803946018218994
2.74,2.83944,0.0,2.831737518310547
2.75,2.86867,0.0,2.8596580028533936
2.76,2.89206,0.0,2.8874123096466064
2.77,2.92697,0.0,2.9150633811950684
2.78,2.95029,0.0,2.9423727989196777
2.79,2.98509,0.0,2.9696593284606934
2.8,3.00836,0.0,2.996880531311035
2.81,3.04304,0.0,3.0242807865142822
2.82,3.07194,0.0,3.051830530166626
2.83,3.1008,0.0,3.0793912410736084
2.84,3.12961,0.0,3.1066932678222656
2.85,3.15837,0.0,3.1336772441864014
2.86,3.18707,0.0,3.160909652709961
2.87,3.21573,0.0,3.1885437965393066
2.88,3.24434,0.0,3.21636700630188
2.89,3.27287,0.0,3.244258403778076
2.9,3.30137,0.0,3.2721059322357178
2.91,3.32977,0.0,3.2999939918518066
2.92,3.35813,0.0,3.328106641769409
2.93,3.38641,0.0,3.356234073638916
2.94,3.41462,0.0,3.384200096130371
2.95,3.44276,0.0,3.4117488861083984
2.96,3.47081,0.0,3.4385902881622314
2.97,3.49878,0.0,3.4652645587921143
2.98,3.52667,0.0,3.4921164512634277
2.99,3.55446,0.0,3.5192670822143555
3.0,3.58218,0.0,3.5461177825927734
3.01,3.60431,0.0,3.5725066661834717
3.02,3.63729,0.0,3.59928297996521
3.03,3.65929,0.0,3.6260507106781006
3.04,3.69202,0.0,3.652850389480591
3.05,3.71387,0.0,3.6791625022888184
3.06,3.74636,0.0,3.7053942680358887
3.07,3.76803,0.0,3.731724262237549
3.08,3.8003,0.0,3.758594512939453
3.09,3.82713,0.0,3.7855870723724365
3.1,3.85386,0.0,3.8124685287475586
3.11,3.8805,0.0,3.8394875526428223
3.12,3.90705,0.0,3.8668212890625
3.13,3.93353,0.0,3.894505262374878
3.14,3.95992,0.0,3.92185115814209
3.15,3.98624,0.0,3.9489855766296387
3.16,4.0125,0.0,3.9756457805633545
3.17,4.03869,0.0,4.002222537994385
3.18,4.06483,0.0,4.028639316558838
3.19,4.09092,0.0,4.054941177368164
3.2,4.11698,0.0,4.081149578094482
3.21,4.14299,0.0,4.107305526733398
3.22,4.16898,0.0,4.133458137512207
3.23,4.19495,0.0,4.15953254699707
3.24,4.2209,0.0,4.185294151306152
3.25,4.24684,0.0,4.210895538330078
3.26,4.26764,0.0,4.235950469970703
3.27,4.29872,0.0,4.261131763458252
3.28,4.31952,0.0,4.2861175537109375
3.29,4.35061,0.0,4.311486721038818
3.3,4.37145,0.0,4.336983680725098
3.31,4.40256,0.0,4.3629326820373535
3.32,4.42339,0.0,4.388903617858887
3.33,4.45455,0.0,4.415224552154541
3.34,4.48058,0.0,4.441874980926514
3.35,4.50661,0.0,4.468725681304932
3.36,4.53265,0.0,4.495504856109619
3.37,4.5587,0.0,4.522177219390869
3.38,4.58476,0.0,4.548609256744385
3.39,4.61081,0.0,4.575138092041016
3.4,4.63686,0.0,4.601703643798828
3.41,4.66289,0.0,4.628198623657227
3.42,4.68891,0.0,4.654421329498291
3.43,4.7149,0.0,4.680153846740723
3.44,4.74085,0.0,4.705837726593018
3.45,4.76676,0.0,4.731522083282471
3.46,4.79263,0.0,4.757281303405762
3.47,4.81843,0.0,4.78291130065918
3.48,4.84417,0.0,4.8085126876831055
3.49,4.86984,0.0,4.83417272567749
3.5,4.89543,0.0,4.859548091888428
3.51,4.91588,0.0,4.884792804718018
3.52,4.94633,0.0,4.909808158874512
3.53,4.96664,0.0,4.934760570526123
3.54,4.99685,0.0,4.959630489349365
3.55,5.01699,0.0,4.983989715576172
3.56,5.04694,0.0,5.008430004119873
3.57,5.0669,0.0,5.032772541046143
3.58,5.09659,0.0,5.057574272155762
3.59,5.12124,0.0,5.0827250480651855
3.6,5.14579,0.0,5.107994556427002
3.61,5.17025,0.0,5.1332597732543945
3.62,5.19458,0.0,5.158588409423828
3.63,5.21882,0.0,5.183882236480713
3.64,5.24297,0.0,5.209197044372559
3.65,5.26705,0.0,5.234519958496094
3.66,5.29104,0.0,5.260523796081543
3.67,5.31497,0.0,5.287284851074219
3.68,5.33885,0.0,5.313983917236328
3.69,5.36268,0.0,5.340412616729736
3.7,5.38648,0.0,5.366865158081055
3.71,5.41026,0.0,5.39338493347168
3.72,5.43403,0.0,5.41937780380249
3.73,5.4578,0.0,5.445117950439453
3.74,5.48158,0.0,5.470774173736572
3.75,5.50539,0.0,5.496478080749512
3.76,5.52451,0.0,5.521789073944092
3.77,5.55313,0.0,5.547540664672852
3.78,5.57233,0.0,5.572932243347168
3.79,5.6011,0.0,5.598179340362549
3.8,5.62043,0.0,5.622992038726807
3.81,5.64937,0.0,5.647996425628662
3.82,5.66883,0.0,5.672840118408203
3.83,5.698,0.0,5.697530746459961
3.84,5.72247,0.0,5.722043514251709
3.85,5.74703,0.0,5.746262550354004
3.86,5.7717,0.0,5.770601272583008
3.87,5.79648,0.0,5.795091152191162
3.88,5.82138,0.0,5.819999694824219
3.89,5.84635,0.0,5.844906330108643
3.9,5.87144,0.0,5.869786262512207
3.91,5.89665,0.0,5.894701957702637
3.92,5.92191,0.0,5.919922828674316
3.93,5.94729,0.0,5.944979190826416
3.94,5.97275,0.0,5.970566272735596
3.95,5.99829,0.0,5.996508598327637
3.96,6.02389,0.0,6.0223541259765625
3.97,6.04957,0.0,6.048022270202637
3.98,6.0753,0.0,6.073988437652588
3.99,6.10109,0.0,6.100358009338379
4.0,6.12693,0.0,6.127270698547363
4.01,6.1528,0.0,6.1543192863464355
4.02,6.17357,0.0,6.181250095367432
4.03,6.19949,0.0,6.208019256591797
4.04,6.23059,0.0,6.234899997711182
4.05,6.25656,0.0,6.261794090270996
4.06,6.27738,0.0,6.288200378417969
4.07,6.30337,0.0,6.314279556274414
4.08,6.33451,0.0,6.340087890625
4.09,6.3605,0.0,6.366148471832275
4.1,6.38648,0.0,6.392064571380615
4.11,6.41246,0.0,6.418153285980225
4.12,6.43842,0.0,6.443941593170166
4.13,6.46438,0.0,6.469454765319824
4.14,6.49033,0.0,6.494574546813965
4.15,6.51627,0.0,6.51910400390625
4.16,6.54219,0.0,6.543659687042236
4.17,6.5681,0.0,6.567972183227539
4.18,6.59399,0.0,6.592498302459717
4.19,6.61987,0.0,6.617276191711426
4.2,6.64573,0.0,6.642251491546631
4.21,6.67158,0.0,6.66683292388916
4.22,6.69741,0.0,6.69158935546875
4.23,6.72322,0.0,6.716413974761963
4.24,6.74901,0.0,6.7411956787109375
4.25,6.77478,0.0,6.766463756561279
4.26,6.80053,0.0,6.791800022125244
4.27,6.82115,0.0,6.817467212677002
4.28,6.85195,0.0,6.842717170715332
4.29,6.87762,0.0,6.867852687835693
4.3,6.90326,0.0,6.8932366371154785
4.31,6.92379,0.0,6.918493747711182
4.32,6.95443,0.0,6.943503379821777
4.33,6.97996,0.0,6.96796989440918
4.34,7.00545,0.0,6.992734909057617
4.35,7.02587,0.0,7.017308712005615
4.36,7.05631,0.0,7.041965007781982
4.37,7.08167,0.0,7.066935062408447
4.38,7.10698,0.0,7.092620849609375
4.39,7.13224,0.0,7.118493556976318
4.4,7.15745,0.0,7.143988132476807
4.41,7.18261,0.0,7.169822692871094
4.42,7.20772,0.0,7.195505619049072
4.43,7.23278,0.0,7.22107458114624
4.44,7.2578,0.0,7.246345520019531
4.45,7.28277,0.0,7.2722907066345215
4.46,7.3077,0.0,7.2984209060668945
4.47,7.33259,0.0,7.324425220489502
4.48,7.35745,0.0,7.350716590881348
4.49,7.38228,0.0,7.3775200843811035
4.5,7.40708,0.0,7.403318881988525
4.51,7.43186,0.0,7.428776264190674
4.52,7.45172,0.0,7.4537482261657715
4.53,7.48141,0.0,7.478715896606445
4.54,7.50618,0.0,7.502988338470459
4.55,7.53096,0.0,7.527261734008789
4.56,7.55084,0.0,7.551463603973389
4.57,7.58058,0.0,7.5756144523620605
4.58,7.60544,0.0,7.599947452545166
4.59,7.63033,0.0,7.624807834625244
4.6,7.65031,0.0,7.649526119232178
4.61,7.68025,0.0,7.674120903015137
4.62,7.7053,0.0,7.699291706085205
4.63,7.73041,0.0,7.724272727966309
4.64,7.75558,0.0,7.74997615814209
4.65,7.78083,0.0,7.775843620300293
4.66,7.80614,0.0,7.802215576171875
4.67,7.83154,0.0,7.829542636871338
4.68,7.85701,0.0,7.856551170349121
4.69,7.88256,0.0,7.884206771850586
4.7,7.90818,0.0,7.911649703979492
4.71,7.93388,0.0,7.938150882720947
4.72,7.95964,0.0,7.964742660522461
4.73,7.98548,0.0,7.990963935852051
4.74,8.01137,0.0,8.017040252685547
4.75,8.03732,0.0,8.042716026306152
4.76,8.06332,0.0,8.068613052368164
4.77,8.0842,0.0,8.094231605529785
4.78,8.11544,0.0,8.119983673095703
4.79,8.14154,0.0,8.144743919372559
4.8,8.16765,0.0,8.169851303100586
4.81,8.1886,0.0,8.194900512695312
4.82,8.21989,0.0,8.220141410827637
4.83,8.246,0.0,8.245824813842773
4.84,8.27206,0.0,8.271121978759766
4.85,8.29294,0.0,8.296072959899902
4.86,8.32408,0.0,8.320911407470703
4.87,8.35001,0.0,8.34652328491211
4.88,8.37589,0.0,8.371216773986816
4.89,8.40166,0.0,8.396196365356445
4.9,8.42737,0.0,8.420729637145996
4.91,8.45296,0.0,8.445517539978027
4.92,8.47847,0.0,8.469917297363281
4.93,8.50387,0.0,8.494243621826172
4.94,8.52915,0.0,8.518498420715332
4.95,8.55431,0.0,8.542964935302734
4.96,8.57936,0.0,8.5669584274292
4.97,8.60428,0.0,8.590983390808105
4.98,8.62908,0.0,8.615510940551758
4.99,8.65376,0.0,8.639432907104492
5.0,8.67832,0.0,8.663219451904297
5.01,8.70275,0.0,8.687641143798828
5.02,8.72226,0.0,8.712433815002441
5.03,8.75129,0.0,8.737146377563477
5.04,8.7754,0.0,8.762046813964844
5.05,8.79941,0.0,8.787531852722168
5.06,8.8186,0.0,8.812610626220703
5.07,8.8472,0.0,8.83709716796875
5.08,8.87098,0.0,8.861846923828125
5.09,8.89471,0.0,8.886031150817871
5.1,8.9137,0.0,8.909219741821289
5.11,8.94204,0.0,8.932657241821289
5.12,8.96566,0.0,8.95643138885498
5.13,8.98928,0.0,8.980867385864258
5.14,9.01289,0.0,9.004935264587402
5.15,9.03651,0.0,9.029702186584473
5.16,9.06016,0.0,9.054719924926758
5.17,9.08384,0.0,9.079511642456055
5.18,9.10755,0.0,9.104421615600586
5.19,9.13133,0.0,9.13037109375
5.2,9.15515,0.0,9.156400680541992
5.21,9.17904,0.0,9.182480812072754
5.22,9.203,0.0,9.209211349487305
5.23,9.22703,0.0,9.236274719238281
5.24,9.25113,0.0,9.26195240020752
5.25,9.27531,0.0,9.287139892578125
5.26,9.29955,0.0,9.311969757080078
5.27,9.31904,0.0,9.335709571838379
5.28,9.34825,0.0,9.359146118164062
5.29,9.37269,0.0,9.382040977478027
5.3,9.39718,0.0,9.405040740966797
5.31,9.41684,0.0,9.427988052368164
5.32,9.44628,0.0,9.44930648803711
5.33,9.47086,0.0,9.471672058105469
5.34,9.49545,0.0,9.494686126708984
5.35,9.51517,0.0,9.517845153808594
5.36,9.5446,0.0,9.540914535522461
5.37,9.56913,0.0,9.564452171325684
5.38,9.59361,0.0,9.588123321533203
5.39,9.61801,0.0,9.612317085266113
5.4,9.64235,0.0,9.636479377746582
5.41,9.66656,0.0,9.6607084274292
5.42,9.69067,0.0,9.68398380279541
5.43,9.71464,0.0,9.707376480102539
5.44,9.73847,0.0,9.730978012084961
5.45,9.76215,0.0,9.753921508789062
5.46,9.78564,0.0,9.777849197387695
5.47,9.80896,0.0,9.801856994628906
5.48,9.83208,0.0,9.825530052185059
5.49,9.855,0.0,9.8494873046875
5.5,9.87771,0.0,9.873908996582031
5.51,9.9002,0.0,9.897299766540527
5.52,9.91808,0.0,9.92022705078125
5.53,9.94454,0.0,9.9420804977417
5.54,9.96638,0.0,9.963656425476074
5.55,9.988,0.0,9.98536205291748
5.56,10.00518,0.0,10.00597858428955
5.57,10.03061,0.0,10.026476860046387
5.58,10.05161,0.0,10.046744346618652
5.59,10.07242,0.0,10.066581726074219
5.6,10.08897,0.0,10.08681869506836
5.61,10.11349,0.0,10.107256889343262
5.62,10.13378,0.0,10.128060340881348
5.63,10.15393,0.0,10.14979362487793
5.64,10.17395,0.0,10.170706748962402
5.65,10.19385,0.0,10.19201374053955
5.66,10.21365,0.0,10.212933540344238
5.67,10.23337,0.0,10.232858657836914
5.68,10.25302,0.0,10.253555297851562
5.69,10.27261,0.0,10.274670600891113
5.7,10.29217,0.0,10.296932220458984
5.71,10.31171,0.0,10.318792343139648
5.72,10.33124,0.0,10.340486526489258
5.73,10.35077,0.0,10.36262035369873
5.74,10.37032,0.0,10.383423805236816
5.75,10.38991,0.0,10.405252456665039
5.76,10.40953,0.0,10.42690658569336
5.77,10.4253,0.0,10.448156356811523
5.78,10.44893,0.0,10.469453811645508
5.79,10.46873,0.0,10.490615844726562
5.8,10.48859,0.0,10.511495590209961
5.81,10.50456,0.0,10.532594680786133
5.82,10.52853,0.0,10.553498268127441
5.83,10.54861,0.0,10.57459545135498
5.84,10.56876,0.0,10.595501899719238
5.85,10.58497,0.0,10.6160306930542
5.86,10.60927,0.0,10.63701343536377
5.87,10.62962,0.0,10.657402992248535
5.88,10.65003,0.0,10.67839241027832
5.89,10.67047,0.0,10.699810028076172
5.9,10.69097,0.0,10.721281051635742
5.91,10.71149,0.0,10.743663787841797
5.92,10.73203,0.0,10.76482105255127
5.93,10.7526,0.0,10.787115097045898
5.94,10.77316,0.0,10.807633399963379
5.95,10.79373,0.0,10.827253341674805
5.96,10.81428,0.0,10.846789360046387
5.97,10.8348,0.0,10.865660667419434
5.98,10.8553,0.0,10.884886741638184
5.99,10.87575,0.0,10.904073715209961
6.0,10.89617,0.0,10.92301082611084
6.01,10.91652,0.0,10.941930770874023
6.02,10.93279,0.0,10.960314750671387
6.03,10.95704,0.0,10.97890567779541
6.04,10.97719,0.0,10.997366905212402
6.05,10.99728,0.0,11.016566276550293
6.06,11.01332,0.0,11.035676956176758
6.07,11.03722,0.0,11.05472183227539
6.08,11.05707,0.0,11.074110984802246
6.09,11.07684,0.0,11.09403133392334
6.1,11.09262,0.0,11.114197731018066
6.11,11.11614,0.0,11.13444709777832
6.12,11.13568,0.0,11.155274391174316
6.13,11.15514,0.0,11.17456340789795
6.14,11.17069,0.0,11.192374229431152
6.15,11.19386,0.0,11.210064888000488
6.16,11.21311,0.0,11.227660179138184
6.17,11.23231,0.0,11.244558334350586
6.18,11.25145,0.0,11.264150619506836
6.19,11.27054,0.0,11.28399658203125
6.2,11.28957,0.0,11.304337501525879
6.21,11.30856,0.0,11.323389053344727
6.22,11.3275,0.0,11.341939926147461
6.23,11.3464,0.0,11.360942840576172
6.24,11.36526,0.0,11.378454208374023
6.25,11.38408,0.0,11.396489143371582
6.26,11.40286,0.0,11.414443016052246
6.27,11.41788,0.0,11.432184219360352
6.28,11.44031,0.0,11.450580596923828
6.29,11.45899,0.0,11.468226432800293
6.3,11.47763,0.0,11.487404823303223
6.31,11.49254,0.0,11.507832527160645
6.32,11.5148,0.0,11.527889251708984
6.33,11.53332,0.0,11.54802131652832
6.34,11.55181,0.0,11.567310333251953
6.35,11.5666,0.0,11.585775375366211
6.36,11.58866,0.0,11.603816032409668
6.37,11.60702,0.0,11.620871543884277
6.38,11.62533,0.0,11.637804985046387
6.39,11.63997,0.0,11.65355396270752
6.4,11.66181,0.0,11.670035362243652
6.41,11.67998,0.0,11.685730934143066
6.42,11.69809,0.0,11.702424049377441
6.43,11.71615,0.0,11.719511985778809
6.44,11.73415,0.0,11.73659610748291
6.45,11.7521,0.0,11.754459381103516
6.46,11.77,0.0,11.77274227142334
6.47,11.78784,0.0,11.791523933410645
6.48,11.80562,0.0,11.811264991760254
6.49,11.82335,0.0,11.83073616027832
6.5,11.84103,0.0,11.849940299987793
6.51,11.85866,0.0,11.868932723999023
6.52,11.87275,0.0,11.88801383972168
6.53,11.89378,0.0,11.906813621520996
6.54,11.91126,0.0,11.925559043884277
6.55,11.92872,0.0,11.944633483886719
6.56,11.94267,0.0,11.963951110839844
6.57,11.96351,0.0,11.9824800491333
6.58,11.98086,0.0,12.000618934631348
6.59,11.99819,0.0,12.017850875854492
6.6,12.01207,0.0,12.034010887145996
6.61,12.03279,0.0,12.050801277160645
6.62,12.05007,0.0,12.067647933959961
6.63,12.06733,0.0,12.085053443908691
6.64,12.08117,0.0,12.102407455444336
6.65,12.10186,0.0,12.119577407836914
6.66,12.11913,0.0,12.137489318847656
6.67,12.1364,0.0,12.155661582946777
6.68,12.15369,0.0,12.17310905456543
6.69,12.17099,0.0,12.191125869750977
6.7,12.18829,0.0,12.208442687988281
6.71,12.20561,0.0,12.22581672668457
6.72,12.22295,0.0,12.243491172790527
6.73,12.24031,0.0,12.262166976928711
6.74,12.25769,0.0,12.279746055603027
6.75,12.27509,0.0,12.298416137695312
6.76,12.29249,0.0,12.316372871398926
6.77,12.30645,0.0,12.332427024841309
6.78,12.32736,0.0,12.34843921661377
6.79,12.34481,0.0,12.36363410949707
6.8,12.36227,0.0,12.380035400390625
6.81,12.37626,0.0,12.396815299987793
6.82,12.3972,0.0,12.41513729095459
6.83,12.41466,0.0,12.43362808227539
6.84,12.43212,0.0,12.45102596282959
6.85,12.44611,0.0,12.468255996704102
6.86,12.46702,0.0,12.48629093170166
6.87,12.48444,0.0,12.504563331604004
6.88,12.50185,0.0,12.522738456726074
6.89,12.51577,0.0,12.541010856628418
6.9,12.53658,0.0,12.558943748474121
6.91,12.55391,0.0,12.576299667358398
6.92,12.5712,0.0,12.593371391296387
6.93,12.58847,0.0,12.611330032348633
6.94,12.6057,0.0,12.628777503967285
6.95,12.62291,0.0,12.646093368530273
6.96,12.64008,0.0,12.663086891174316
6.97,12.65722,0.0,12.680378913879395
6.98,12.67434,0.0,12.697857856750488
6.99,12.69144,0.0,12.714506149291992
7.0,12.70852,0.0,12.730863571166992
7.01,12.72558,0.0,12.747941970825195
7.02,12.73925,0.0,12.765048027038574
7.03,12.75969,0.0,12.783156394958496
7.04,12.77676,0.0,12.801582336425781
7.05,12.79383,0.0,12.820178031921387
7.06,12.80753,0.0,12.838020324707031
7.07,12.82807,0.0,12.854705810546875
7.08,12.84525,0.0,12.871430397033691
7.09,12.86248,0.0,12.888216018676758
7.1,12.87633,0.0,12.905186653137207
7.11,12.89712,0.0,12.920878410339355
7.12,12.91456,0.0,12.93770980834961
7.13,12.93208,0.0,12.953128814697266
7.14,12.94618,0.0,12.967408180236816
7.15,12.9674,0.0,12.981583595275879
7.16,12.98521,0.0,12.997049331665039
7.17,13.00313,0.0,13.013124465942383
7.18,13.02117,0.0,13.030156135559082
7.19,13.03932,0.0,13.047531127929688
7.2,13.05758,0.0,13.065775871276855
7.21,13.07594,0.0,13.084697723388672
7.22,13.09442,0.0,13.104363441467285
7.23,13.11299,0.0,13.123886108398438
7.24,13.13166,0.0,13.143804550170898
7.25,13.15042,0.0,13.162858009338379
7.26,13.16925,0.0,13.182977676391602
7.27,13.18438,0.0,13.202961921691895
7.28,13.20707,0.0,13.221528053283691
7.29,13.22604,0.0,13.239587783813477
7.3,13.24503,0.0,13.255416870117188
7.31,13.26023,0.0,13.27005672454834
7.32,13.28295,0.0,13.283473014831543
7.33,13.30185,0.0,13.297015190124512
7.34,13.32069,0.0,13.310105323791504
7.35,13.33573,0.0,13.322587013244629
7.36,13.35809,0.0,13.33615779876709
7.37,13.37661,0.0,13.349918365478516
7.38,13.39498,0.0,13.36570930480957
7.39,13.40957,0.0,13.382177352905273
7.4,13.4312,0.0,13.399248123168945
7.41,13.44899,0.0,13.41659927368164
7.42,13.46658,0.0,13.434834480285645
7.43,13.48393,0.0,13.4539155960083
7.44,13.50104,0.0,13.472296714782715
7.45,13.51789,0.0,13.490887641906738
7.46,13.53448,0.0,13.510480880737305
7.47,13.5508,0.0,13.530482292175293
7.48,13.56686,0.0,13.550141334533691
7.49,13.58266,0.0,13.569755554199219
7.5,13.59821,0.0,13.587972640991211
7.51,13.61349,0.0,13.605827331542969
7.52,13.62557,0.0,13.62295913696289
7.53,13.64337,0.0,13.638851165771484
7.54,13.658,0.0,13.654845237731934
7.55,13.67244,0.0,13.670919418334961
7.56,13.68389,0.0,13.687178611755371
7.57,13.70086,0.0,13.702735900878906
7.58,13.7149,0.0,13.719596862792969
7.59,13.72887,0.0,13.736075401306152
7.6,13.74001,0.0,13.752182960510254
7.61,13.75668,0.0,13.767492294311523
7.62,13.7706,0.0,13.782991409301758
7.63,13.78458,0.0,13.79759407043457
7.64,13.79584,0.0,13.81146240234375
7.65,13.81282,0.0,13.825457572937012
7.66,13.82716,0.0,13.840181350708008
7.67,13.84168,0.0,13.856071472167969
7.68,13.85642,0.0,13.872175216674805
7.69,13.8714,0.0,13.890661239624023
7.7,13.88666,0.0,13.909760475158691
7.71,13.90219,0.0,13.930841445922852
7.72,13.91804,0.0,13.953160285949707
7.73,13.93422,0.0,13.974769592285156
7.74,13.95073,0.0,13.996407508850098
7.75,13.96759,0.0,14.01699447631836
7.76,13.9848,0.0,14.036636352539062
7.77,13.99884,0.0,14.055122375488281
7.78,14.02025,0.0,14.07384204864502
7.79,14.03848,0.0,14.092389106750488
7.8,14.05703,0.0,14.110489845275879
7.81,14.0721,0.0,14.127492904663086
7.82,14.09498,0.0,14.144042015075684
7.83,14.11434,0.0,14.160629272460938
7.84,14.13391,0.0,14.176027297973633
7.85,14.14972,0.0,14.191327095031738
7.86,14.17353,0.0,14.206229209899902
7.87,14.1935,0.0,14.222533226013184
7.88,14.21352,0.0,14.237164497375488
7.89,14.22953,0.0,14.25003433227539
7.9,14.25344,0.0,14.26490306854248
7.91,14.27326,0.0,14.27845287322998
7.92,14.2929,0.0,14.293912887573242
7.93,14.30847,0.0,14.309828758239746
7.94,14.33142,0.0,14.326094627380371
7.95,14.35019,0.0,14.3422212600708
7.96,14.36855,0.0,14.357122421264648
7.97,14.38644,0.0,14.373065948486328
7.98,14.4038,0.0,14.386757850646973
7.99,14.42059,0.0,14.401188850402832
8.0,14.43675,0.0,14.415361404418945
8.01,14.45222,0.0,14.428091049194336
8.02,14.46696,0.0,14.440807342529297
8.03,14.48092,0.0,14.452760696411133
8.04,14.49153,0.0,14.464713096618652
8.05,14.504,0.0,14.476611137390137
8.06,14.51559,0.0,14.488364219665527
8.07,14.52828,0.0,14.499391555786133
8.08,14.53785,0.0,14.507842063903809
8.09,14.54646,0.0,14.515434265136719
8.1,14.5541,0.0,14.521238327026367
8.11,14.56077,0.0,14.525805473327637
8.12,14.56541,0.0,14.529446601867676
8.13,14.57032,0.0,14.53221321105957
8.14,14.57426,0.0024,14.533541679382324
8.15,14.57772,0.00389,14.533202171325684
8.16,14.57958,0.00494,14.530231475830078
8.17,14.58053,0.00582,14.523911476135254
8.18,14.58059,0.00652,14.516632080078125
8.19,14.57979,0.00705,14.508055686950684
8.2,14.57818,0.00739,14.499457359313965
8.21,14.57578,0.00756,14.491580963134766
8.22,14.57265,0.00756,14.485641479492188
8.23,14.56882,0.00739,14.48217487335205
8.24,14.56434,0.00707,14.479799270629883
8.25,14.55927,0.00659,14.477157592773438
8.26,14.55365,0.00598,14.473876953125
8.27,14.54753,0.00524,14.469754219055176
8.28,14.54097,0.00438,14.46607494354248
8.29,14.53542,0.00361,14.462329864501953
8.3,14.5267,0.00235,14.458417892456055
8.31,14.51911,0.0012,14.45631217956543
8.32,14.51127,0.0,14.454741477966309
8.33,14.50322,0.0,14.453369140625
8.34,14.49501,0.0,14.452225685119629
8.35,14.48669,0.0,14.451297760009766
8.36,14.47828,0.0,14.44921875
8.37,14.47152,0.0,14.446626663208008
8.38,14.46136,0.0,14.442758560180664
8.39,14.45289,0.0,14.4384183883667
8.4,14.44446,0.0,14.433784484863281
8.41,14.43607,0.0,14.428444862365723
8.42,14.42774,0.0,14.423230171203613
8.43,14.41949,0.0,14.417962074279785
8.44,14.41131,0.0,14.412266731262207
8.45,14.40322,0.0,14.407349586486816
8.46,14.3952,0.0,14.402022361755371
8.47,14.38727,0.0,14.39610481262207
8.48,14.3794,0.0,14.390422821044922
8.49,14.3716,0.0,14.384455680847168
8.5,14.36384,0.0,14.379597663879395
8.51,14.35613,0.0,14.373640060424805
8.52,14.34845,0.0,14.367220878601074
8.53,14.34077,0.0,14.360541343688965
8.54,14.33463,0.0,14.353779792785645
8.55,14.32541,0.0,14.346797943115234
8.56,14.31769,0.0,14.339249610900879
8.57,14.30993,0.0,14.332259178161621
8.58,14.30213,0.0,14.325467109680176
8.59,14.29426,0.0,14.317888259887695
8.6,14.28632,0.0,14.308939933776855
8.61,14.27833,0.0,14.300289154052734
8.62,14.27187,0.0,14.292725563049316
8.63,14.26212,0.0,14.284982681274414
8.64,14.25391,0.0,14.27701473236084
8.65,14.24564,0.0,14.26949691772461
8.66,14.23733,0.0,14.26236629486084
8.67,14.22898,0.0,14.255378723144531
8.68,14.2206,0.0,14.249139785766602
8.69,14.21222,0.0,14.24370288848877
8.7,14.20551,0.0,14.23843002319336
8.71,14.19551,0.0,14.233076095581055
8.72,14.18723,0.0,14.22795581817627
8.73,14.17902,0.0,14.222312927246094
8.74,14.1709,0.0,14.215943336486816
8.75,14.16291,0.0,14.208925247192383
8.76,14.15506,0.0,14.2018404006958
8.77,14.14737,0.0,14.194291114807129
8.78,14.13986,0.0,14.186641693115234
8.79,14.13398,0.0,14.179536819458008
8.8,14.12545,0.0,14.172567367553711
8.81,14.11857,0.0,14.165552139282227
8.82,14.11193,0.0,14.15833568572998
8.83,14.10552,0.0,14.150668144226074
8.84,14.09936,0.0,14.142890930175781
8.85,14.09343,0.0,14.13519287109375
8.86,14.08773,0.0,14.127065658569336
8.87,14.08332,0.0,14.11854362487793
8.88,14.07697,0.0,14.109905242919922
8.89,14.07189,0.0,14.100895881652832
8.9,14.06697,0.0,14.09172534942627
8.91,14.06218,0.0,14.082559585571289
8.92,14.0575,0.0,14.07306957244873
8.93,14.05289,0.0,14.063610076904297
8.94,14.04833,0.0,14.054638862609863
8.95,14.04467,0.0,14.046165466308594
8.96,14.03916,0.0,14.037715911865234
8.97,14.03448,0.0,14.02879810333252
8.98,14.02969,0.0,14.020967483520508
8.99,14.02473,0.0,14.012824058532715
9.0,14.01958,0.0,14.004358291625977
9.01,14.0142,0.0,13.996246337890625
9.02,14.00855,0.0,13.988163948059082
9.03,14.0026,0.0,13.980358123779297
9.04,13.9976,0.0,13.971748352050781
9.05,13.98969,0.0,13.96483039855957
9.06,13.98268,0.0,13.956901550292969
9.07,13.97529,0.0,13.949740409851074
9.08,13.9675,0.0,13.942642211914062
9.09,13.95932,0.0,13.934001922607422
9.1,13.95074,0.0,13.924507141113281
9.11,13.94178,0.0,13.914970397949219
9.12,13.93434,0.0,13.9055814743042
9.13,13.92278,0.0,13.897135734558105
9.14,13.91279,0.0,13.88892650604248
9.15,13.90252,0.0,13.88105297088623
9.16,13.89201,0.0,13.87401008605957
9.17,13.88132,0.0,13.866317749023438
9.18,13.87048,0.0,13.859317779541016
9.19,13.85955,0.0,13.853170394897461
9.2,13.85078,0.0,13.847175598144531
9.21,13.83768,0.0,13.84068775177002
9.22,13.82686,0.0,13.834188461303711
9.23,13.8162,0.0,13.828531265258789
9.24,13.80576,0.0,13.822275161743164
9.25,13.79561,0.0,13.815214157104492
9.26,13.7858,0.0,13.808070182800293
9.27,13.77639,0.0,13.801533699035645
9.28,13.76742,0.0,13.794190406799316
9.29,13.7606,0.0,13.786681175231934
9.3,13.75101,0.0,13.780166625976562
9.31,13.74363,0.0,13.774280548095703
9.32,13.73682,0.0,13.767706871032715
9.33,13.73061,0.0,13.762258529663086
9.34,13.72498,0.0,13.757624626159668
9.35,13.71992,0.0,13.753863334655762
9.36,13.71542,0.0,13.74856948852539
9.37,13.71218,0.0,13.742254257202148
9.38,13.70789,0.0,13.734996795654297
9.39,13.70476,0.0,13.727450370788574
9.4,13.70195,0.0,13.719413757324219
9.41,13.69937,0.0,13.71137523651123
9.42,13.69691,0.0,13.703975677490234
9.43,13.69447,0.0,13.69505786895752
9.44,13.69191,0.0,13.686810493469238
9.45,13.68968,0.0,13.679123878479004
9.46,13.68588,0.0,13.669997215270996
9.47,13.6821,0.0,13.659589767456055
9.48,13.67759,0.0,13.647045135498047
9.49,13.67218,0.0,13.634413719177246
9.5,13.66568,0.0,13.621959686279297
9.51,13.65794,0.0,13.608893394470215
9.52,13.64874,0.0,13.59437084197998
9.53,13.63791,0.0,13.578956604003906
9.54,13.62795,0.0,13.56339168548584
9.55,13.61065,0.0,13.546365737915039
9.56,13.59385,0.0,13.52679443359375
9.57,13.57471,0.0,13.502861976623535
9.58,13.55308,0.0,13.475154876708984
9.59,13.5288,0.0,13.441730499267578
9.6,13.50173,0.0,13.403310775756836
9.61,13.47175,0.0,13.364033699035645
9.62,13.44557,0.0,13.325737953186035
9.63,13.40263,0.0,13.282599449157715
9.64,13.36331,0.0,13.234813690185547
9.65,13.32074,0.0,13.181821823120117
9.66,13.27485,0.0,13.123799324035645
9.67,13.22564,0.0,13.062368392944336
9.68,13.17309,0.0,12.997733116149902
9.69,13.11723,0.0,12.92783260345459
9.7,13.07007,0.0,12.855619430541992
9.71,12.99569,0.0,12.777192115783691
9.72,12.93015,0.0,12.693585395812988
9.73,12.86155,0.0,12.596528053283691
9.74,12.78998,0.0,12.476951599121094
9.75,12.71559,0.0,12.32794189453125
9.76,12.63849,0.0,12.162153244018555
9.77,12.55886,0.0,11.991069793701172
9.78,12.47687,0.0,11.822810173034668
9.79,12.4096,0.0,11.658065795898438
9.8,12.30645,0.0,11.51037311553955
9.81,12.2185,0.0,11.382697105407715
9.82,12.12891,0.0,11.28005599975586
9.83,12.03794,0.0,11.201436996459961
9.84,11.94578,0.0,11.137140274047852
9.85,11.85267,0.0,11.089966773986816
9.86,11.75881,0.0,11.058222770690918
9.87,11.68321,0.0,11.03714656829834
9.88,11.5696,0.0,11.007898330688477
9.89,11.4748,0.0,10.97683048248291
9.9,11.37998,0.0,10.944388389587402
9.91,11.28541,0.0,10.911308288574219
9.92,11.19126,0.0,10.87019157409668
9.93,11.09769,0.0,10.808074951171875
9.94,11.00483,0.0,10.726369857788086
9.95,10.93105,0.0,10.629005432128906
9.96,10.82182,0.0,10.52415657043457
9.97,10.73187,0.0,10.412858963012695
9.98,10.64309,0.0,10.29854965209961
9.99,10.55556,0.0,10.180809020996094
10.0,10.46926,0.0,10.059479713439941
10.01,10.38438,0.0,9.935957908630371
10.02,10.30081,0.0,9.80757999420166
10.03,10.21858,0.0,9.670938491821289
10.04,10.15369,0.0,9.522799491882324
10.05,10.0581,0.0,9.349625587463379
10.06,9.97977,0.0,9.15259838104248
10.07,9.90264,0.0,8.953193664550781
10.08,9.82664,0.0,8.787562370300293
10.09,9.75168,0.0,8.684244155883789
10.1,9.67763,0.0,8.626639366149902
10.11,9.60451,0.0,8.594314575195312
10.12,9.54645,0.0,8.576790809631348
10.13,9.46025,0.0,8.543412208557129
10.14,9.38889,0.0,8.49799919128418
10.15,9.31789,0.0,8.447222709655762
10.16,9.2471,0.0,8.422618865966797
10.17,9.17641,0.0,8.429850578308105
10.18,9.10566,0.0,8.457643508911133
10.19,9.03473,0.0,8.494563102722168
10.2,8.97767,0.0,8.532129287719727
10.21,8.89183,0.0,8.552033424377441
10.22,8.81964,0.0,8.567296981811523
10.23,8.74679,0.0,8.578534126281738
10.24,8.67319,0.0,8.576179504394531
10.25,8.59874,0.0,8.554926872253418
10.26,8.52338,0.0,8.519970893859863
10.27,8.44704,0.0,8.489259719848633
10.28,8.36965,0.0,8.455220222473145
10.29,8.30687,0.0,8.416873931884766
10.3,8.21157,0.0,8.369351387023926
10.31,8.13082,0.0,8.310162544250488
10.32,8.04894,0.0,8.243253707885742
10.33,7.96591,0.0,8.17126750946045
10.34,7.88175,0.0,8.094913482666016
10.35,7.79648,0.0,8.011570930480957
10.36,7.71014,0.0,7.924250602722168
10.37,7.64025,0.0,7.8376336097717285
10.38,7.53446,0.0,7.750495433807373
10.39,7.44525,0.0,7.659704208374023
10.4,7.35515,0.0,7.558986663818359
10.41,7.26438,0.0,7.450439929962158
10.42,7.1729,0.0,7.339616775512695
10.43,7.08084,0.0,7.231978416442871
10.44,6.98826,0.0,7.1230597496032715
10.45,6.91382,0.0,7.012975692749023
10.46,6.80198,0.0,6.897577285766602
10.47,6.70845,0.0,6.78914213180542
10.48,6.61477,0.0,6.689032554626465
10.49,6.52103,0.0,6.592393398284912
10.5,6.42733,0.0,6.492340564727783
10.51,6.33374,0.0,6.386019706726074
10.52,6.24032,0.0,6.2749786376953125
10.53,6.14715,0.0,6.162834167480469
10.54,6.07278,0.0,6.052090167999268
10.55,5.96183,0.0,5.935238838195801
10.56,5.86978,0.0,5.810540199279785
10.57,5.77821,0.0,5.686512470245361
10.58,5.68714,0.0,5.565117835998535
10.59,5.59663,0.0,5.438329219818115
10.6,5.50664,0.0,5.307485103607178
10.61,5.4173,0.0,5.1824049949646
10.62,5.34617,0.0,5.067485332489014
10.63,5.24034,0.0,4.974557876586914
10.64,5.15275,0.0,4.892720699310303
10.65,5.06574,0.0,4.8154706954956055
10.66,4.9793,0.0,4.744466781616211
10.67,4.89339,0.0,4.678500652313232
10.68,4.80799,0.0,4.616943836212158
10.69,4.72307,0.0,4.5589280128479
10.7,4.65535,0.0,4.503617286682129
10.71,4.55444,0.0,4.44748067855835
10.72,4.47064,0.0,4.387354373931885
10.73,4.38709,0.0,4.322705268859863
10.74,4.30375,0.0,4.258983135223389
10.75,4.22053,0.0,4.197021961212158
10.76,4.13736,0.0,4.130472183227539
10.77,4.05416,0.0,4.060408115386963
10.78,3.97085,0.0,3.9843287467956543
10.79,3.90401,0.0,3.9050309658050537
10.8,3.80354,0.0,3.82395339012146
10.81,3.71939,0.0,3.7407033443450928
10.82,3.63475,0.0,3.6530048847198486
10.83,3.54956,0.0,3.5603561401367188
10.84,3.46372,0.0,3.462725877761841
10.85,3.37714,0.0,3.364243745803833
10.86,3.28973,0.0,3.270265817642212
10.87,3.2191,0.0,3.180375576019287
10.88,3.11207,0.0,3.093778371810913
10.89,3.02178,0.0,3.0071113109588623
10.9,2.93032,0.0,2.9204869270324707
10.91,2.83768,0.0,2.831491231918335
10.92,2.74384,0.0,2.7396786212921143
10.93,2.64873,0.0,2.6440889835357666
10.94,2.5524,0.0,2.545745849609375
10.95,2.47435,0.0,2.4473307132720947
10.96,2.35597,0.0,2.349041700363159
10.97,2.25594,0.0,2.255610942840576
10.98,2.15475,0.0,2.168437957763672
10.99,2.0525,0.0,2.0858285427093506
11.0,1.94926,0.0,2.005702257156372
11.01,1.84519,0.0,1.9273568391799927
11.02,1.74038,0.0,1.8494808673858643
11.03,1.63502,0.0,1.7712024450302124
11.04,1.5504,0.0,1.6947598457336426
11.05,1.42343,0.0,1.618774175643921
11.06,1.31761,0.0,1.5407073497772217
11.07,1.21214,0.0,1.4607399702072144
11.08,1.10724,0.0,1.3798209428787231
11.09,1.00321,0.0,1.29947829246521
11.1,0.90034,0.00328,1.2181843519210815
11.11,0.79904,0.00581,1.1357593536376953
11.12,0.71921,0.00774,1.0538321733474731
11.13,0.60216,0.01046,0.9701392650604248
11.14,0.50729,0.01254,0.8872561454772949
11.15,0.41526,0.01444,0.8056980967521667
11.16,0.32641,0.01615,0.7249100804328918
11.17,0.24107,0.01764,0.6459503173828125
11.18,0.15955,0.01892,0.5687136054039001
11.19,0.08219,0.01998,0.49347707629203796
11.2,0.02378,0.02066,0.42142385244369507
11.21,0.0,0.0214,0.3524197041988373
11.22,0.0,0.02176,0.2877283990383148
11.23,0.0,0.0219,0.22741639614105225
11.24,0.0,0.0218,0.17220036685466766
11.25,0.0,0.02149,0.12289874255657196
11.26,0.0,0.02097,0.07972566783428192
11.27,0.0,0.02025,0.041526634246110916
11.28,0.0,0.01935,0.008226297795772552
11.29,0.0,0.0185,-0.02064974047243595
11.3,0.0,0.01703,-0.04597020894289017
11.31,0.0,0.01566,-0.0679435208439827
11.32,0.0,0.01416,-0.08656304329633713
11.33,0.0,0.01256,-0.10216117650270462
11.34,0.0,0.01087,-0.1133384108543396
11.35,0.0,0.00912,-0.119544118642807
11.36,0.0,0.00733,-0.12053848803043365
11.37,0.0,0.00588,-0.11901022493839264
11.38,0.0,0.00369,-0.1116180494427681
11.39,0.0,0.00189,-0.0993463397026062
11.4,0.0,0.0,-0.08211179077625275
11.41,0.0,0.0,-0.061444930732250214
11.42,0.0,0.0,-0.03842221945524216
11.43,0.0,0.0,-0.012625645846128464
11.44,0.0,0.0,0.013072993606328964
11.45,0.0,0.0,0.037296030670404434
11.46,0.0,0.0,0.06002723053097725
11.47,0.0,0.0,0.0805475115776062
11.48,0.0,0.0,0.09796436131000519
11.49,0.0,0.0,0.11262933164834976
11.5,0.02852,0.0,0.12469673156738281
11.51,0.0626,0.0,0.13410684466362
11.52,0.0947,0.0,0.14174725115299225
11.53,0.12448,0.0,0.14728234708309174
11.54,0.14647,0.0,0.1509176790714264
11.55,0.17602,0.0,0.1515822559595108
11.56,0.19731,0.0,0.14908285439014435
11.57,0.21537,0.0,0.14288435876369476
11.58,0.23009,0.0,0.1332731544971466
11.59,0.24138,0.0,0.12072327733039856
11.6,0.2492,0.0,0.10562795400619507
11.61,0.25355,0.0,0.08810582756996155
11.62,0.25455,0.0,0.06946369260549545
11.63,0.25207,0.0,0.04997379332780838
11.64,0.24645,0.0,0.030525511130690575
11.65,0.23777,0.0,0.011763272807002068
11.66,0.22624,0.0,-0.005901398602873087
11.67,0.21206,0.0,-0.022233793511986732
11.68,0.1955,0.0,-0.03711223602294922
11.69,0.17682,0.0,-0.05051269382238388
11.7,0.16052,0.0,-0.06247023865580559
11.71,0.13429,0.0,-0.07304255664348602
11.72,0.11107,0.0,-0.08233888447284698
11.73,0.08698,0.0,-0.09048236161470413
11.74,0.06234,0.0,-0.09757263213396072
11.75,0.03748,0.0,-0.1037321537733078
11.76,0.01299,0.0,-0.10909716784954071
11.77,0.0,0.0,-0.11374468356370926
11.78,0.0,0.0,-0.11775030940771103
11.79,0.0,0.0,-0.121210977435112
11.8,0.0,0.0,-0.1242000162601471
11.81,0.0,0.0,-0.12677010893821716
11.82,0.0,0.0,-0.128977969288826
11.83,0.0,0.0,-0.13086184859275818
11.84,0.0,0.0,-0.13250817358493805
11.85,0.0,0.0,-0.1339379847049713
11.86,0.0,0.0,-0.1351696103811264
11.87,0.0,0.0,-0.1362074762582779
11.88,0.0,0.0,-0.13712018728256226
11.89,0.0,0.0,-0.13749578595161438
11.9,0.0,0.0,-0.1372697949409485
11.91,0.0,0.0,-0.1362997144460678
11.92,0.0,0.0,-0.13439656794071198
11.93,0.0,0.0,-0.13138920068740845
11.94,0.0,0.0,-0.1271822303533554
11.95,0.0,0.0,-0.12228905409574509
11.96,0.0,0.0,-0.1161574199795723
11.97,0.0,0.0,-0.10901255905628204
11.98,0.0,0.0,-0.10113576054573059
11.99,0.0,0.0,-0.09285690635442734
12.0,0.0,0.0,-0.08448846638202667
12.01,0.0,0.0,-0.07608767598867416
12.02,0.0,0.0,-0.06764153391122818
12.03,0.0,0.0,-0.059421371668577194
12.04,0.0,0.00103,-0.051648251712322235
12.05,0.0,0.00163,-0.04460359737277031
12.06,0.02451,0.00215,-0.038591448217630386
12.07,0.04058,0.00268,-0.03369547799229622
12.08,0.05574,0.00322,-0.029953381046652794
12.09,0.06983,0.00375,-0.027527837082743645
12.1,0.0827,0.00426,-0.02640409581363201
12.11,0.09421,0.00475,-0.026584019884467125
12.12,0.10237,0.00513,-0.027659298852086067
12.13,0.11275,0.00564,-0.030133454129099846
12.14,0.11962,0.00603,-0.033951275050640106
12.15,0.12483,0.00636,-0.03908980265259743
12.16,0.12834,0.00663,-0.045331887900829315
12.17,0.13017,0.00684,-0.052454039454460144
12.18,0.13033,0.00698,-0.060248564928770065
12.19,0.12887,0.00705,-0.06824490427970886
12.2,0.12656,0.00706,-0.07609912753105164
12.21,0.12131,0.00698,-0.08358995616436005
12.22,0.1154,0.00684,-0.09057362377643585
12.23,0.10821,0.00662,-0.09696369618177414
12.24,0.09986,0.00633,-0.10272912681102753
12.25,0.09048,0.00598,-0.10787522792816162
12.26,0.08023,0.00557,-0.11243056505918503
12.27,0.06926,0.0051,-0.11645588278770447
12.28,0.06006,0.00469,-0.1199878379702568
12.29,0.04818,0.00413,-0.12307089567184448
12.3,0.03358,0.00342,-0.12573851644992828
12.31,0.0213,0.00279,-0.12803421914577484
12.32,0.00125,0.00215,-0.13002677261829376
12.33,0.0,0.00149,-0.13174399733543396
12.34,0.0,0.0,-0.13323161005973816
12.35,0.0,0.0,-0.1345241367816925
12.36,0.0,0.0,-0.13564817607402802
12.37,0.0,0.0,-0.13662578165531158
12.38,0.0,0.0,-0.13747510313987732
12.39,0.0,0.0,-0.13822995126247406
12.4,0.0,0.0,-0.13887330889701843
12.41,0.0,0.0,-0.13943471014499664
12.42,0.0,0.0,-0.13994333148002625
12.43,0.0,0.0,-0.1403927505016327
12.44,0.0,0.0,-0.1407434642314911
12.45,0.0,0.0,-0.1410098671913147
12.46,0.0,0.0,-0.1408797949552536
12.47,0.0,0.0,-0.1402655839920044
12.48,0.0,0.0,-0.13915371894836426
12.49,0.0,0.0,-0.13748390972614288
12.5,0.0,0.0,-0.13526660203933716
12.51,0.0,0.0,-0.13247466087341309
12.52,0.0,0.0,-0.12911668419837952
12.53,0.0,0.0,-0.12547600269317627
12.54,0.0,0.0,-0.12156280130147934
12.55,0.0,0.0,-0.11744777113199234
12.56,0.0,0.0,-0.1132178083062172
12.57,0.0,0.0,-0.1089913547039032
12.58,0.0,0.0,-0.10484851896762848
12.59,0.0,0.0,-0.10086370259523392
12.6,0.0,0.0,-0.09711478650569916
12.61,0.0,0.0,-0.09368086606264114
12.62,0.00832,0.0011,-0.09058515727519989
12.63,0.01873,0.00169,-0.08794069290161133
12.64,0.02583,0.00214,-0.08589457720518112
12.65,0.03242,0.00257,-0.08450803905725479
12.66,0.03843,0.00295,-0.08380179107189178
12.67,0.0438,0.00329,-0.08371066302061081
12.68,0.04849,0.00358,-0.08420591801404953
12.69,0.05246,0.00382,-0.08527881652116776
12.7,0.05509,0.00397,-0.08670521527528763
12.71,0.05812,0.00413,-0.08879383653402328
12.72,0.05978,0.00419,-0.09147799015045166
12.73,0.06067,0.0042,-0.0946616381406784
12.74,0.0608,0.00415,-0.09829270094633102
12.75,0.06019,0.00405,-0.10223107039928436
12.76,0.05886,0.00389,-0.10624538362026215
12.77,0.05686,0.00368,-0.11017182469367981
12.78,0.0548,0.00348,-0.11389638483524323
12.79,0.05171,0.00319,-0.11735334992408752
12.8,0.0473,0.00279,-0.1205173134803772
12.81,0.04312,0.00243,-0.12336889654397964
12.82,0.03855,0.00203,-0.1259097009897232
12.83,0.03365,0.00162,-0.12815403938293457
12.84,0.0285,0.00119,-0.13012899458408356
12.85,0.02316,0.0,-0.13185910880565643
12.86,0.01772,0.0,-0.1333666890859604
12.87,0.01332,0.0,-0.13467517495155334
12.88,0.0,0.0,-0.13579413294792175
12.89,0.0,0.0,-0.13675658404827118
12.9,0.0,0.0,-0.13757501542568207
12.91,0.0,0.0,-0.1382940262556076
12.92,0.0,0.0,-0.1389092355966568
12.93,0.0,0.0,-0.13944128155708313
12.94,0.0,0.0,-0.13990461826324463
12.95,0.0,0.0,-0.1403094381093979
12.96,0.0,0.0,-0.140666201710701
12.97,0.0,0.0,-0.1409795582294464
12.98,0.0,0.0,-0.14125461876392365
12.99,0.0,0.0,-0.14150992035865784
13.0,0.0,0.0,-0.14166396856307983
13.01,0.0,0.0,-0.14166033267974854
13.02,0.0,0.0,-0.14137648046016693
13.03,0.0,0.0,-0.14089855551719666
13.04,0.0,0.0,-0.14014893770217896
13.05,0.0,0.0,-0.13893954455852509
13.06,0.0,0.0,-0.13730488717556
13.07,0.0,0.0,-0.13526254892349243
13.08,0.0,0.0,-0.13281916081905365
13.09,0.0,0.0,-0.1300801783800125
13.1,0.0,0.0,-0.12712708115577698
13.11,0.0,0.0,-0.12402909994125366
13.12,0.0,0.0,-0.12101595103740692
13.13,0.0,0.0012,-0.11789363622665405
13.14,0.0,0.0017,-0.11473303288221359
13.15,0.0,0.0022,-0.11157751828432083
13.16,0.0,0.0027,-0.10841043293476105
13.17,0.0,0.0032,-0.10519127547740936
13.18,0.0,0.00369,-0.10185859352350235
13.19,0.0,0.00417,-0.09830014407634735
13.2,0.0,0.00455,-0.09496217966079712
13.21,0.0,0.00509,-0.0910576581954956
13.22,0.0,0.00552,-0.08675036579370499
13.23,0.0,0.00593,-0.08212262392044067
13.24,0.01175,0.00632,-0.07726874947547913
13.25,0.01414,0.00669,-0.07232853770256042
13.26,0.01638,0.00703,-0.06734190136194229
13.27,0.01845,0.00734,-0.0623510517179966
13.28,0.01998,0.00758,-0.05791521817445755
13.29,0.02174,0.00784,-0.05366939678788185
13.3,0.02364,0.00813,-0.04898790270090103
13.31,0.02504,0.00835,-0.044155772775411606
13.32,0.02629,0.00854,-0.03923172503709793
13.33,0.02739,0.0087,-0.03425522893667221
13.34,0.02835,0.00885,-0.029251964762806892
13.35,0.02918,0.00898,-0.024199960753321648
13.36,0.02989,0.00908,-0.019076772034168243
13.37,0.03038,0.00916,-0.014356529340147972
13.38,0.031,0.00925,-0.009255406446754932
13.39,0.03142,0.00932,-0.003933561034500599
13.4,0.03176,0.00937,0.0015258491039276123
13.41,0.03204,0.00941,0.007011596579104662
13.42,0.03226,0.00944,0.012457188218832016
13.43,0.03244,0.00947,0.017758121713995934
13.44,0.03257,0.00949,0.022856848314404488
13.45,0.03266,0.0095,0.027540573850274086
13.46,0.03275,0.00951,0.032098736613988876
13.47,0.0328,0.00952,0.03662947937846184
13.48,0.03284,0.00953,0.041020020842552185
13.49,0.03287,0.00953,0.04523538425564766
13.5,0.03289,0.00953,0.049293503165245056
13.51,0.0329,0.00953,0.05318046361207962
13.52,0.03291,0.00953,0.05702914297580719
13.53,0.03291,0.00953,0.06075340136885643
13.54,0.03291,0.00954,0.06456375867128372
13.55,0.03291,0.00954,0.06852855533361435
13.56,0.03291,0.00954,0.07254991680383682
13.57,0.03291,0.00954,0.07656966894865036
13.58,0.03291,0.00954,0.08046996593475342
13.59,0.03291,0.00954,0.08416042476892471
13.6,0.03291,0.00954,0.08761231601238251
