time,veh_u,veh_v,model_RNN_lon_2020.pt
0.0,0.0,0.01722,0.030043423175811768
0.01,0.0,0.01565,0.030043423175811768
0.02,0.0,0.01409,0.030043423175811768
0.03,0.0,0.01256,0.030043423175811768
0.04,0.0,0.01105,0.030043423175811768
0.05,0.0,0.00957,0.030043423175811768
0.06,0.0,0.00815,0.030043423175811768
0.07,0.0,0.00677,0.030043423175811768
0.08,0.0,0.00546,0.030043423175811768
0.09,0.0,0.00421,0.030043423175811768
0.1,0.0,0.00303,0.030043423175811768
0.11,0.0,0.00192,0.030043423175811768
0.12,0.0,0.0,0.030043423175811768
0.13,0.0,0.0,0.030043423175811768
0.14,0.0,0.0,0.030043423175811768
0.15,0.0,0.0,0.030043423175811768
0.16,0.0,0.0,0.030043423175811768
0.17,0.0,0.0,0.030043423175811768
0.18,0.0,0.0,0.030043423175811768
0.19,0.0,0.0,0.030043423175811768
0.2,0.0,0.0,0.030043423175811768
0.21,0.0,0.0,0.030043423175811768
0.22,0.0,0.0,0.030043423175811768
0.23,0.0,0.0,0.030043423175811768
0.24,0.0,0.0,0.030043423175811768
0.25,0.0,0.0,0.030043423175811768
0.26,0.0,0.0,0.030043423175811768
0.27,0.0,0.0,0.030043423175811768
0.28,0.0,0.0,0.030043423175811768
0.29,0.0,0.0,0.030043423175811768
0.3,0.0,0.0,0.030043423175811768
0.31,0.0,0.0,0.030043423175811768
0.32,0.01094,0.0,0.030043423175811768
0.33,0.01192,0.0,0.030043423175811768
0.34,0.01278,0.0,0.030043423175811768
0.35,0.01336,0.0,0.030043423175811768
0.36,0.01405,0.0,0.030043423175811768
0.37,0.01444,0.0,0.030043423175811768
0.38,0.01468,0.0,0.030043423175811768
0.39,0.01474,0.0,0.030043423175811768
0.4,0.01463,0.0,0.029152199625968933
0.41,0.01441,0.0,0.0282725989818573
0.42,0.01389,0.0,0.02742379903793335
0.43,0.01326,0.0,0.02641831338405609
0.44,0.01248,0.0,0.025333866477012634
0.45,0.01153,0.0,0.024258092045783997
0.46,0.01044,0.0,0.023306161165237427
0.47,0.0,0.0,0.02246910333633423
0.48,0.0,0.0,0.021762698888778687
0.49,0.0,0.0,0.021164193749427795
0.5,0.0,0.0,0.020783141255378723
0.51,0.0,0.0,0.020520582795143127
0.52,0.0,0.0,0.020359426736831665
0.53,0.0,0.0,0.020330652594566345
0.54,0.0,0.0,0.02050498127937317
0.55,0.0,0.0,0.02091430127620697
0.56,0.0,0.0,0.021618768572807312
0.57,0.0,0.0,0.02258598804473877
0.58,0.0,0.0,0.023626655340194702
0.59,0.0,0.0,0.024684518575668335
0.6,0.0,0.0,0.025545313954353333
0.61,0.0,0.0,0.026273414492607117
0.62,0.0,0.0,0.02687220275402069
0.63,0.0,0.0,0.027284294366836548
0.64,0.0,0.0,0.02760767936706543
0.65,0.0,0.0,0.027897611260414124
0.66,0.0,0.0,0.028042972087860107
0.67,0.0,0.0,0.02812136709690094
0.68,0.0,0.0,0.028088107705116272
0.69,0.0,0.0,0.02794988453388214
0.7,0.0,0.0,0.02770179510116577
0.71,0.0,0.0,0.02746717631816864
0.72,0.0,0.0,0.02740718424320221
0.73,0.0,0.0,0.02723442018032074
0.74,0.0,0.0,0.026942655444145203
0.75,0.0,0.0,0.026626139879226685
0.76,0.0,0.0,0.026459291577339172
0.77,0.0,0.0,0.026435241103172302
0.78,0.0,0.0,0.026433587074279785
0.79,0.0,0.0,0.026347696781158447
0.8,0.0,0.0,0.026219740509986877
0.81,0.0,0.0,0.026060938835144043
0.82,0.0,0.0,0.025885626673698425
0.83,0.0,0.0,0.025703340768814087
0.84,0.0,0.0,0.0254734605550766
0.85,0.0,0.0,0.025238245725631714
0.86,0.0,0.0,0.025136590003967285
0.87,0.0,0.0,0.02515558898448944
0.88,0.0,0.0,0.025252625346183777
0.89,0.0,0.0,0.02547644078731537
0.9,0.0,0.0,0.025837451219558716
0.91,0.0,0.0,0.02633345127105713
0.92,0.0,0.0,0.026856034994125366
0.93,0.0,0.0,0.02727089822292328
0.94,0.0,0.0,0.027657583355903625
0.95,0.0,0.0,0.027795076370239258
0.96,0.0,0.0,0.027669459581375122
0.97,0.0,0.0,0.027410462498664856
0.98,0.01014,0.0,0.02708783745765686
0.99,0.01053,0.0,0.026725798845291138
1.0,0.01076,0.0,0.026251226663589478
1.01,0.01082,0.0,0.025771617889404297
1.02,0.01073,0.0,0.02529098093509674
1.03,0.01048,0.0,0.02488231658935547
1.04,0.01008,0.0,0.024605602025985718
1.05,0.0,0.0,0.02446204423904419
1.06,0.0,0.0,0.024411708116531372
1.07,0.0,0.0,0.024417445063591003
1.08,0.0,0.0,0.024507954716682434
1.09,0.0,0.0,0.024750545620918274
1.1,0.0,0.0,0.024970561265945435
1.11,0.0,0.0,0.025127485394477844
1.12,0.0,0.0,0.02537865936756134
1.13,0.0,0.0,0.02570822834968567
1.14,0.0,0.0,0.025969460606575012
1.15,0.0,0.0,0.02617168426513672
1.16,0.0,0.0,0.026392444968223572
1.17,0.0,0.0,0.02657058835029602
1.18,0.0,0.0,0.02667275071144104
1.19,0.0,0.0,0.02665126323699951
1.2,0.0,0.0,0.026559248566627502
1.21,0.0,0.0,0.02646796405315399
1.22,0.0,0.0,0.026296094059944153
1.23,0.0,0.0,0.0261317640542984
1.24,0.0,0.0,0.025861486792564392
1.25,0.0,0.0,0.025478258728981018
1.26,0.0,0.0,0.02502879500389099
1.27,0.0,0.0,0.024599730968475342
1.28,0.0,0.0,0.02434656023979187
1.29,0.0,0.0,0.02437254786491394
1.3,0.0,0.0,0.02461904287338257
1.31,0.0,0.0,0.025174498558044434
1.32,0.0,0.0,0.026156246662139893
1.33,0.0,0.0,0.02755771577358246
1.34,0.0,0.0,0.029500097036361694
1.35,0.0,0.0,0.03192302584648132
1.36,0.0,0.0,0.0347357839345932
1.37,0.0,0.0,0.0376737117767334
1.38,0.0,0.0,0.040580108761787415
1.39,0.0,0.0,0.043250709772109985
1.4,0.0,0.0,0.0457187294960022
1.41,0.0,0.0,0.04784998297691345
1.42,0.0,0.0,0.04943852126598358
1.43,0.0,0.0,0.0505000501871109
1.44,0.0,0.00141,0.0510883629322052
1.45,0.0,0.00188,0.05137354135513306
1.46,0.01084,0.00234,0.051889970898628235
1.47,0.01189,0.00278,0.05227948725223541
1.48,0.01281,0.0032,0.05288867652416229
1.49,0.01358,0.00359,0.053351640701293945
1.5,0.01418,0.00396,0.05335693061351776
1.51,0.0146,0.00428,0.053266704082489014
1.52,0.01483,0.00457,0.05273705720901489
1.53,0.01487,0.00482,0.052209243178367615
1.54,0.01472,0.00502,0.051547542214393616
1.55,0.01439,0.00518,0.051500797271728516
1.56,0.01387,0.00528,0.05147242546081543
1.57,0.01318,0.00533,0.051492840051651
1.58,0.01234,0.00533,0.05178236961364746
1.59,0.01137,0.00527,0.05181881785392761
1.6,0.0103,0.00516,0.05227328836917877
1.61,0.0,0.005,0.05218508839607239
1.62,0.0,0.00478,0.0517277717590332
1.63,0.0,0.00457,0.051228106021881104
1.64,0.0,0.00426,0.05054830014705658
1.65,0.0,0.00391,0.05031755566596985
1.66,0.0,0.00351,0.05010472238063812
1.67,0.0,0.00298,0.04987111687660217
1.68,0.0,0.00249,0.04949629306793213
1.69,0.0,0.00198,0.04892992973327637
1.7,0.0,0.00143,0.04834155738353729
1.71,0.0,0.0,0.048014283180236816
1.72,0.0,0.0,0.04774253070354462
1.73,0.0,0.0,0.047384172677993774
1.74,0.0121,0.0,0.04726146161556244
1.75,0.01613,0.0,0.04770076274871826
1.76,0.02109,0.0,0.0479712188243866
1.77,0.02707,0.0,0.049040064215660095
1.78,0.03416,0.0,0.05114319920539856
1.79,0.04242,0.0,0.05646704137325287
1.8,0.05193,0.0,0.06465569138526917
1.81,0.06276,0.0,0.07378122210502625
1.82,0.07496,0.0,0.08378739655017853
1.83,0.08861,0.0,0.09548850357532501
1.84,0.10374,0.0,0.10981003940105438
1.85,0.12041,0.0,0.12605638802051544
1.86,0.13865,0.0,0.14488939940929413
1.87,0.15849,0.0,0.16564689576625824
1.88,0.17557,0.0,0.1878996342420578
1.89,0.19834,0.0,0.21090282499790192
1.9,0.22274,0.0,0.23294959962368011
1.91,0.24878,0.0,0.2549227476119995
1.92,0.28211,0.0,0.2763333320617676
1.93,0.31168,0.0,0.29847943782806396
1.94,0.34283,0.0,0.32075029611587524
1.95,0.3755,0.0,0.35975730419158936
1.96,0.40966,0.0,0.40621328353881836
1.97,0.44526,0.0,0.4577619433403015
1.98,0.48223,0.0,0.508136510848999
1.99,0.52052,0.0,0.5756344199180603
2.0,0.56005,0.0,0.6508309841156006
2.01,0.5926,0.0,0.7290722727775574
2.02,0.64255,0.0,0.8064462542533875
2.03,0.67681,0.0,0.8746166825294495
2.04,0.72912,0.0,0.933670699596405
2.05,0.77373,0.0,0.9894916415214539
2.06,0.8191,0.0,1.0370285511016846
2.07,0.86518,0.0,1.078957438468933
2.08,0.91185,0.0,1.1120179891586304
2.09,0.95907,0.0,1.1396080255508423
2.1,1.00675,0.0,1.1668387651443481
2.11,1.05482,0.0,1.1941285133361816
2.12,1.10319,0.0,1.2235263586044312
2.13,1.15183,0.0,1.2541459798812866
2.14,1.20066,0.0,1.288252353668213
2.15,1.24964,0.0,1.326066255569458
2.16,1.29871,0.0,1.36697518825531
2.17,1.34785,0.0,1.4099270105361938
2.18,1.39701,0.0,1.4558686017990112
2.19,1.44616,0.0,1.5016934871673584
2.2,1.49528,0.0,1.5506654977798462
2.21,1.54435,0.0,1.6009613275527954
2.22,1.59336,0.0,1.6537963151931763
2.23,1.64231,0.0,1.7070575952529907
2.24,1.6912,0.0,1.7630172967910767
2.25,1.74002,0.0,1.8149337768554688
2.26,1.77913,0.0,1.864537000656128
2.27,1.83751,0.0,1.9117121696472168
2.28,1.87659,0.0,1.958467721939087
2.29,1.93492,0.0,2.007476329803467
2.3,1.974,0.0,2.0557940006256104
2.31,2.0324,0.0,2.102969169616699
2.32,2.08122,0.0,2.1505932807922363
2.33,2.13014,0.0,2.199612855911255
2.34,2.17916,0.0,2.2496581077575684
2.35,2.22833,0.0,2.299015522003174
2.36,2.27766,0.0,2.350127935409546
2.37,2.32721,0.0,2.403461217880249
2.38,2.37688,0.0,2.459717273712158
2.39,2.42683,0.0,2.5154032707214355
2.4,2.47699,0.0,2.572181224822998
2.41,2.52741,0.0,2.63258695602417
2.42,2.57809,0.0,2.696302890777588
2.43,2.62903,0.0,2.7593255043029785
2.44,2.68023,0.0,2.821479082107544
2.45,2.73168,0.0,2.8791470527648926
2.46,2.7834,0.0,2.931323528289795
2.47,2.83535,0.0,2.9830663204193115
2.48,2.88753,0.0,3.034205436706543
2.49,2.93993,0.0,3.0845186710357666
2.5,2.99251,0.0,3.134420394897461
2.51,3.03481,0.0,3.1842598915100098
2.52,3.09817,0.0,3.232789993286133
2.53,3.14068,0.0,3.2801673412323
2.54,3.20429,0.0,3.327364206314087
2.55,3.24692,0.0,3.373094320297241
2.56,3.31064,0.0,3.4185843467712402
2.57,3.36381,0.0,3.4657599925994873
2.58,3.41695,0.0,3.5146939754486084
2.59,3.47002,0.0,3.56341290473938
2.6,3.52299,0.0,3.6133577823638916
2.61,3.57584,0.0,3.6644210815429688
2.62,3.62853,0.0,3.715390920639038
2.63,3.68104,0.0,3.766094923019409
2.64,3.73335,0.0,3.8156049251556396
2.65,3.78544,0.0,3.864410877227783
2.66,3.8373,0.0,3.912229061126709
2.67,3.88892,0.0,3.958463668823242
2.68,3.94029,0.0,4.003705978393555
2.69,3.99139,0.0,4.051233291625977
2.7,4.04224,0.0,4.098030090332031
2.71,4.09283,0.0,4.145174980163574
2.72,4.14318,0.0,4.192159652709961
2.73,4.1933,0.0,4.239166736602783
2.74,4.24319,0.0,4.288749694824219
2.75,4.29288,0.0,4.33756685256958
2.76,4.33259,0.0,4.3862996101379395
2.77,4.39172,0.0,4.435680866241455
2.78,4.43118,0.0,4.487504959106445
2.79,4.49001,0.0,4.539384841918945
2.8,4.52933,0.0,4.590542793273926
2.81,4.58796,0.0,4.641107082366943
2.82,4.63689,0.0,4.693152904510498
2.83,4.68581,0.0,4.744458198547363
2.84,4.73477,0.0,4.7946553230285645
2.85,4.7838,0.0,4.842982292175293
2.86,4.8329,0.0,4.890615940093994
2.87,4.88213,0.0,4.937835216522217
2.88,4.93148,0.0,4.985369682312012
2.89,4.98099,0.0,5.034492015838623
2.9,5.03069,0.0,5.084160804748535
2.91,5.08053,0.0,5.133432388305664
2.92,5.1306,0.0,5.183239936828613
2.93,5.18087,0.0,5.233270168304443
2.94,5.23135,0.0,5.284040451049805
2.95,5.28205,0.0,5.335933208465576
2.96,5.33296,0.0,5.387317657470703
2.97,5.38408,0.0,5.439294815063477
2.98,5.43539,0.0,5.490902423858643
2.99,5.48689,0.0,5.541937828063965
3.0,5.53858,0.0,5.5923662185668945
3.01,5.58013,0.0,5.642267227172852
3.02,5.64236,0.0,5.692870616912842
3.03,5.68413,0.0,5.7429704666137695
3.04,5.74662,0.0,5.792850971221924
3.05,5.78852,0.0,5.843541622161865
3.06,5.85116,0.0,5.892413139343262
3.07,5.89312,0.0,5.940064430236816
3.08,5.95578,0.0,5.987945079803467
3.09,6.00806,0.0,6.035562038421631
3.1,6.06027,0.0,6.081369400024414
3.11,6.11242,0.0,6.129024505615234
3.12,6.16446,0.0,6.176050186157227
3.13,6.21639,0.0,6.223718166351318
3.14,6.26818,0.0,6.269979953765869
3.15,6.31982,0.0,6.316244125366211
3.16,6.37129,0.0,6.365136623382568
3.17,6.42259,0.0,6.417360782623291
3.18,6.47371,0.0,6.472375392913818
3.19,6.52464,0.0,6.526151180267334
3.2,6.5754,0.0,6.581223011016846
3.21,6.62596,0.0,6.635898113250732
3.22,6.67635,0.0,6.689838409423828
3.23,6.72658,0.0,6.741288185119629
3.24,6.77666,0.0,6.7924604415893555
3.25,6.82661,0.0,6.846932411193848
3.26,6.86658,0.0,6.902156352996826
3.27,6.92616,0.0,6.955954551696777
3.28,6.96599,0.0,7.0109028816223145
3.29,7.02543,0.0,7.0667877197265625
3.3,7.06522,0.0,7.123219966888428
3.31,7.12463,0.0,7.178789138793945
3.32,7.16444,0.0,7.233932971954346
3.33,7.22398,0.0,7.287698268890381
3.34,7.27379,0.0,7.343732833862305
3.35,7.32374,0.0,7.398317337036133
3.36,7.37383,0.0,7.453665733337402
3.37,7.42425,0.0,7.50544548034668
3.38,7.47461,0.0,7.558337211608887
3.39,7.52535,0.0,7.610743045806885
3.4,7.57633,0.0,7.664059638977051
3.41,7.62762,0.0,7.716552257537842
3.42,7.67917,0.0,7.7667236328125
3.43,7.73104,0.0,7.819553852081299
3.44,7.78324,0.0,7.873950958251953
3.45,7.83576,0.0,7.927547931671143
3.46,7.88861,0.0,7.979450225830078
3.47,7.94179,0.0,8.032791137695312
3.48,7.99529,0.0,8.086563110351562
3.49,8.0491,0.0,8.140695571899414
3.5,8.1032,0.0,8.19349479675293
3.51,8.14681,0.0,8.246481895446777
3.52,8.21225,0.0,8.298713684082031
3.53,8.25625,0.0,8.351094245910645
3.54,8.32224,0.0,8.404769897460938
3.55,8.36655,0.0,8.45782470703125
3.56,8.43293,0.0,8.511177062988281
3.57,8.47745,0.0,8.563538551330566
3.58,8.54404,0.0,8.616131782531738
3.59,8.59965,0.0,8.669668197631836
3.6,8.65525,0.0,8.723546981811523
3.61,8.71078,0.0,8.776641845703125
3.62,8.76621,0.0,8.82919692993164
3.63,8.82149,0.0,8.881719589233398
3.64,8.87657,0.0,8.933516502380371
3.65,8.93141,0.0,8.98646068572998
3.66,8.98596,0.0,9.037129402160645
3.67,9.04018,0.0,9.090338706970215
3.68,9.09403,0.0,9.144287109375
3.69,9.14748,0.0,9.198960304260254
3.7,9.20047,0.0,9.252148628234863
3.71,9.25298,0.0,9.30329418182373
3.72,9.30498,0.0,9.35628890991211
3.73,9.35643,0.0,9.40804386138916
3.74,9.40731,0.0,9.459588050842285
3.75,9.4576,0.0,9.50810432434082
3.76,9.49747,0.0,9.557642936706543
3.77,9.55632,0.0,9.60486888885498
3.78,9.59518,0.0,9.650851249694824
3.79,9.65248,0.0,9.69982624053955
3.8,9.69032,0.0,9.746525764465332
3.81,9.74603,0.0,9.796401023864746
3.82,9.78279,0.0,9.845378875732422
3.83,9.83695,0.0,9.89070987701416
3.84,9.88145,0.0,9.931312561035156
3.85,9.9253,0.0,9.970073699951172
3.86,9.96853,0.0,10.003846168518066
3.87,10.01116,0.0,10.037452697753906
3.88,10.05319,0.0,10.072587966918945
3.89,10.09465,0.0,10.10797119140625
3.9,10.13556,0.0,10.144696235656738
3.91,10.17593,0.0,10.18292236328125
3.92,10.21579,0.0,10.219337463378906
3.93,10.25513,0.0,10.257682800292969
3.94,10.29402,0.0,10.295012474060059
3.95,10.33243,0.0,10.33441162109375
3.96,10.37041,0.0,10.372095108032227
3.97,10.40796,0.0,10.412175178527832
3.98,10.44509,0.0,10.451863288879395
3.99,10.48183,0.0,10.494146347045898
4.0,10.51818,0.0,10.535412788391113
4.01,10.55414,0.0,10.577428817749023
4.02,10.5827,0.0,10.616101264953613
4.03,10.61798,0.0,10.651988983154297
4.04,10.65974,0.0,10.684983253479004
4.05,10.69418,0.0,10.717740058898926
4.06,10.72151,0.0,10.752074241638184
4.07,10.75523,0.0,10.783058166503906
4.08,10.79508,0.0,10.816468238830566
4.09,10.82787,0.0,10.846075057983398
4.1,10.8602,0.0,10.876750946044922
4.11,10.89206,0.0,10.905068397521973
4.12,10.92343,0.0,10.931057929992676
4.13,10.95427,0.0,10.955674171447754
4.14,10.98457,0.0,10.977690696716309
4.15,11.01429,0.0,11.001882553100586
4.16,11.04342,0.0,11.023154258728027
4.17,11.07191,0.0,11.048237800598145
4.18,11.09977,0.0,11.076552391052246
4.19,11.12694,0.0,11.103527069091797
4.2,11.15342,0.0,11.133328437805176
4.21,11.17918,0.0,11.165192604064941
4.22,11.2042,0.0,11.197284698486328
4.23,11.22848,0.0,11.23066520690918
4.24,11.25198,0.0,11.259027481079102
4.25,11.27472,0.0,11.284948348999023
4.26,11.29669,0.0,11.30286979675293
4.27,11.31374,0.0,11.318643569946289
4.28,11.33831,0.0,11.326129913330078
4.29,11.35799,0.0,11.332186698913574
4.3,11.37692,0.0,11.334775924682617
4.31,11.39158,0.0,11.33501148223877
4.32,11.41266,0.0,11.338788986206055
4.33,11.42953,0.0,11.339123725891113
4.34,11.44576,0.0,11.345005989074707
4.35,11.45836,0.0,11.34826946258545
4.36,11.47652,0.0,11.354750633239746
4.37,11.49117,0.0,11.367751121520996
4.38,11.50531,0.0,11.381111145019531
4.39,11.51909,0.0,11.402242660522461
4.4,11.53255,0.0,11.427549362182617
4.41,11.54573,0.0,11.451990127563477
4.42,11.55869,0.0,11.47594165802002
4.43,11.5715,0.0,11.498665809631348
4.44,11.58421,0.0,11.520930290222168
4.45,11.5969,0.0,11.546819686889648
4.46,11.6096,0.0,11.573278427124023
4.47,11.62239,0.0,11.60129165649414
4.48,11.63531,0.0,11.63144302368164
4.49,11.64842,0.0,11.66639232635498
4.5,11.66175,0.0,11.697453498840332
4.51,11.67537,0.0,11.7293119430542
4.52,11.68651,0.0,11.758781433105469
4.53,11.70358,0.0,11.786243438720703
4.54,11.71824,0.0,11.810118675231934
4.55,11.7333,0.0,11.82980728149414
4.56,11.74568,0.0,11.846869468688965
4.57,11.7647,0.0,11.859773635864258
4.58,11.78107,0.0,11.872706413269043
4.59,11.79788,0.0,11.886153221130371
4.6,11.81169,0.0,11.898767471313477
4.61,11.83285,0.0,11.914396286010742
4.62,11.85098,0.0,11.929323196411133
4.63,11.86953,0.0,11.948014259338379
4.64,11.88847,0.0,11.966909408569336
4.65,11.90779,0.0,11.986839294433594
4.66,11.92746,0.0,12.00642204284668
4.67,11.94745,0.0,12.026348114013672
4.68,11.96773,0.0,12.046546936035156
4.69,11.98827,0.0,12.066466331481934
4.7,12.00907,0.0,12.088424682617188
4.71,12.03003,0.0,12.11030387878418
4.72,12.05118,0.0,12.12974739074707
4.73,12.07247,0.0,12.15164566040039
4.74,12.09387,0.0,12.170150756835938
4.75,12.11535,0.0,12.191446304321289
4.76,12.13688,0.0,12.208436965942383
4.77,12.15417,0.0,12.227684020996094
4.78,12.18002,0.0,12.246761322021484
4.79,12.20158,0.0,12.264318466186523
4.8,12.22312,0.0,12.28377628326416
4.81,12.24035,0.0,12.302849769592285
4.82,12.26604,0.0,12.32326602935791
4.83,12.28741,0.0,12.343749046325684
4.84,12.30871,0.0,12.363228797912598
4.85,12.32573,0.0,12.383567810058594
4.86,12.35108,0.0,12.405318260192871
4.87,12.37214,0.0,12.425604820251465
4.88,12.39313,0.0,12.446675300598145
4.89,12.41404,0.0,12.468450546264648
4.9,12.43489,0.0,12.490554809570312
4.91,12.45565,0.0,12.510795593261719
4.92,12.47636,0.0,12.529298782348633
4.93,12.497,0.0,12.548885345458984
4.94,12.51758,0.0,12.56714153289795
4.95,12.5381,0.0,12.584559440612793
4.96,12.55856,0.0,12.604448318481445
4.97,12.57896,0.0,12.621301651000977
4.98,12.59931,0.0,12.642833709716797
4.99,12.61957,0.0,12.660969734191895
5.0,12.63976,0.0,12.681668281555176
5.01,12.65986,0.0,12.703557014465332
5.02,12.67591,0.0,12.721792221069336
5.03,12.69974,0.0,12.745841979980469
5.04,12.71947,0.0,12.76701545715332
5.05,12.73905,0.0,12.791271209716797
5.06,12.75461,0.0,12.811860084533691
5.07,12.77762,0.0,12.831707954406738
5.08,12.79656,0.0,12.851920127868652
5.09,12.81522,0.0,12.872440338134766
5.1,12.82996,0.0,12.890235900878906
5.11,12.85159,0.0,12.90561294555664
5.12,12.86923,0.0,12.92074966430664
5.13,12.88646,0.0,12.935718536376953
5.14,12.90324,0.0,12.946830749511719
5.15,12.91953,0.0,12.95760440826416
5.16,12.93532,0.0,12.9639892578125
5.17,12.95054,0.0,12.965088844299316
5.18,12.96519,0.0,12.964401245117188
5.19,12.97923,0.0,12.962618827819824
5.2,12.99263,0.0,12.960062980651855
5.21,13.00536,0.0,12.960905075073242
5.22,13.01742,0.0,12.95803451538086
5.23,13.02878,0.0,12.959997177124023
5.24,13.03943,0.0,12.963830947875977
5.25,13.04937,0.0,12.965901374816895
5.26,13.05858,0.0,12.971714973449707
5.27,13.06544,0.0,12.974715232849121
5.28,13.07484,0.0,12.982348442077637
5.29,13.08191,0.0,12.98791790008545
5.3,13.08828,0.0,12.99316120147705
5.31,13.0929,0.0,13.00457763671875
5.32,13.09902,0.0,13.01367473602295
5.33,13.10344,0.0,13.021916389465332
5.34,13.10726,0.0,13.026196479797363
5.35,13.10991,0.0,13.034636497497559
5.36,13.11324,0.0,13.043206214904785
5.37,13.11548,0.0,13.047133445739746
5.38,13.11724,0.0,13.052254676818848
5.39,13.11861,0.0,13.057806015014648
5.4,13.1196,0.0,13.062542915344238
5.41,13.12027,0.0,13.065221786499023
5.42,13.12065,0.0,13.071978569030762
5.43,13.12079,0.0,13.0735445022583
5.44,13.12073,0.0,13.076650619506836
5.45,13.12051,0.0,13.077086448669434
5.46,13.12016,0.0,13.079968452453613
5.47,13.11973,0.0,13.081672668457031
5.48,13.11925,0.0,13.0828218460083
5.49,13.11875,0.0,13.08497428894043
5.5,13.11826,0.0,13.08867073059082
5.51,13.1178,0.0,13.091212272644043
5.52,13.11747,0.0,13.092851638793945
5.53,13.11706,0.0,13.097249984741211
5.54,13.11681,0.0,13.103256225585938
5.55,13.11666,0.0,13.106850624084473
5.56,13.11662,0.0,13.11079216003418
5.57,13.11667,0.0,13.116228103637695
5.58,13.11684,0.0,13.120575904846191
5.59,13.1171,0.0,13.126667022705078
5.6,13.11738,0.0,13.129899024963379
5.61,13.11789,0.0,13.135594367980957
5.62,13.11839,0.0,13.139236450195312
5.63,13.11895,0.0,13.141024589538574
5.64,13.11954,0.0,13.145105361938477
5.65,13.12013,0.0,13.144107818603516
5.66,13.12071,0.0,13.147370338439941
5.67,13.12126,0.0,13.147303581237793
5.68,13.12174,0.0,13.14690113067627
5.69,13.12213,0.0,13.147531509399414
5.7,13.12241,0.0,13.143350601196289
5.71,13.12254,0.0,13.141035079956055
5.72,13.1225,0.0,13.135936737060547
5.73,13.12226,0.0,13.133953094482422
5.74,13.12181,0.0,13.132380485534668
5.75,13.1211,0.0,13.12861442565918
5.76,13.12012,0.0,13.128212928771973
5.77,13.11913,0.0,13.129819869995117
5.78,13.11728,0.0,13.129738807678223
5.79,13.11538,0.0,13.12619400024414
5.8,13.11313,0.0,13.117250442504883
5.81,13.11108,0.0,13.11046028137207
5.82,13.10757,0.0,13.09829330444336
5.83,13.10423,0.0,13.085545539855957
5.84,13.10051,0.0,13.074182510375977
5.85,13.09726,0.0,13.067635536193848
5.86,13.09195,0.0,13.065688133239746
5.87,13.0871,0.0,13.06231689453125
5.88,13.08188,0.0,13.06174087524414
5.89,13.0763,0.0,13.064496040344238
5.9,13.07037,0.0,13.062240600585938
5.91,13.06411,0.0,13.059391021728516
5.92,13.05752,0.0,13.056450843811035
5.93,13.05062,0.0,13.051802635192871
5.94,13.04345,0.0,13.046049118041992
5.95,13.036,0.0,13.035935401916504
5.96,13.02832,0.0,13.031699180603027
5.97,13.02042,0.0,13.024089813232422
5.98,13.01233,0.0,13.015640258789062
5.99,13.00408,0.0,13.007206916809082
6.0,12.99568,0.0,13.000650405883789
6.01,12.98717,0.0,12.994208335876465
6.02,12.9803,0.0,12.986058235168457
6.03,12.96994,0.0,12.98027229309082
6.04,12.96127,0.0,12.975690841674805
6.05,12.9526,0.0,12.970539093017578
6.06,12.94567,0.0,12.965563774108887
6.07,12.93537,0.0,12.95976734161377
6.08,12.92686,0.0,12.955473899841309
6.09,12.91846,0.0,12.949932098388672
6.1,12.91182,0.0,12.94491195678711
6.11,12.90206,0.0,12.942716598510742
6.12,12.89411,0.0,12.93724250793457
6.13,12.88636,0.0,12.930157661437988
6.14,12.88029,0.0,12.925588607788086
6.15,12.87149,0.0,12.919731140136719
6.16,12.86441,0.0,12.91317367553711
6.17,12.85758,0.0,12.904611587524414
6.18,12.85101,0.0,12.896163940429688
6.19,12.84472,0.0,12.890580177307129
6.2,12.83871,0.0,12.883025169372559
6.21,12.83298,0.0,12.875567436218262
6.22,12.82753,0.0,12.870102882385254
6.23,12.82238,0.0,12.86414623260498
6.24,12.8175,0.0,12.861522674560547
6.25,12.81291,0.0,12.860368728637695
6.26,12.8086,0.0,12.858221054077148
6.27,12.80533,0.0,12.853513717651367
6.28,12.80076,0.0,12.848368644714355
6.29,12.79722,0.0,12.845436096191406
6.3,12.79392,0.0,12.841021537780762
6.31,12.79144,0.0,12.835284233093262
6.32,12.78797,0.0,12.83078670501709
6.33,12.7853,0.0,12.827537536621094
6.34,12.7828,0.0,12.822099685668945
6.35,12.7809,0.0,12.814342498779297
6.36,12.77824,0.0,12.811158180236816
6.37,12.77615,0.0,12.804230690002441
6.38,12.77416,0.0,12.80076789855957
6.39,12.77263,0.0,12.794851303100586
6.4,12.7704,0.0,12.790151596069336
6.41,12.76859,0.0,12.785293579101562
6.42,12.76679,0.0,12.78097152709961
6.43,12.765,0.0,12.776567459106445
6.44,12.76318,0.0,12.775793075561523
6.45,12.76133,0.0,12.773911476135254
6.46,12.75943,0.0,12.769735336303711
6.47,12.75745,0.0,12.76787281036377
6.48,12.7554,0.0,12.765043258666992
6.49,12.75324,0.0,12.761428833007812
6.5,12.75098,0.0,12.755279541015625
6.51,12.7486,0.0,12.74979019165039
6.52,12.7466,0.0,12.745853424072266
6.53,12.74345,0.0,12.739847183227539
6.54,12.74067,0.0,12.73380184173584
6.55,12.73774,0.0,12.729146957397461
6.56,12.73529,0.0,12.72474479675293
6.57,12.73145,0.0,12.720303535461426
6.58,12.72809,0.0,12.718626976013184
6.59,12.72459,0.0,12.716835021972656
6.6,12.72168,0.0,12.716144561767578
6.61,12.71717,0.0,12.714654922485352
6.62,12.71328,0.0,12.712838172912598
6.63,12.70926,0.0,12.710570335388184
6.64,12.70597,0.0,12.706379890441895
6.65,12.70092,0.0,12.703078269958496
6.66,12.69662,0.0,12.700240135192871
6.67,12.69223,0.0,12.697077751159668
6.68,12.68779,0.0,12.692448616027832
6.69,12.68329,0.0,12.68923282623291
6.7,12.67874,0.0,12.6853609085083
6.71,12.67417,0.0,12.680206298828125
6.72,12.66958,0.0,12.677578926086426
6.73,12.66498,0.0,12.675127983093262
6.74,12.66037,0.0,12.672687530517578
6.75,12.65578,0.0,12.66861629486084
6.76,12.65121,0.0,12.664525032043457
6.77,12.64757,0.0,12.663179397583008
6.78,12.64215,0.0,12.661543846130371
6.79,12.63767,0.0,12.658953666687012
6.8,12.63324,0.0,12.658310890197754
6.81,12.62972,0.0,12.656839370727539
6.82,12.6245,0.0,12.65397834777832
6.83,12.62021,0.0,12.649853706359863
6.84,12.61596,0.0,12.64440631866455
6.85,12.61258,0.0,12.640628814697266
6.86,12.60759,0.0,12.633988380432129
6.87,12.60346,0.0,12.629144668579102
6.88,12.59937,0.0,12.626082420349121
6.89,12.59612,0.0,12.622415542602539
6.9,12.59128,0.0,12.618162155151367
6.91,12.58726,0.0,12.610896110534668
6.92,12.58325,0.0,12.60777759552002
6.93,12.57925,0.0,12.600707054138184
6.94,12.57525,0.0,12.596440315246582
6.95,12.57124,0.0,12.594721794128418
6.96,12.56721,0.0,12.590080261230469
6.97,12.56316,0.0,12.587761878967285
6.98,12.55908,0.0,12.58310317993164
6.99,12.55497,0.0,12.581153869628906
7.0,12.55082,0.0,12.57695484161377
7.01,12.54663,0.0,12.572714805603027
7.02,12.54324,0.0,12.571086883544922
7.03,12.53811,0.0,12.566104888916016
7.04,12.53377,0.0,12.562329292297363
7.05,12.52939,0.0,12.55499267578125
7.06,12.52583,0.0,12.548370361328125
7.07,12.52046,0.0,12.543922424316406
7.08,12.51593,0.0,12.53799057006836
7.09,12.51134,0.0,12.531095504760742
7.1,12.50764,0.0,12.527445793151855
7.11,12.50207,0.0,12.521745681762695
7.12,12.49738,0.0,12.517215728759766
7.13,12.49266,0.0,12.511873245239258
7.14,12.48888,0.0,12.507478713989258
7.15,12.4832,0.0,12.503654479980469
7.16,12.47846,0.0,12.497627258300781
7.17,12.47373,0.0,12.498079299926758
7.18,12.46902,0.0,12.497817993164062
7.19,12.46434,0.0,12.49488353729248
7.2,12.4597,0.0,12.492378234863281
7.21,12.45511,0.0,12.485793113708496
7.22,12.45059,0.0,12.481115341186523
7.23,12.44614,0.0,12.475157737731934
7.24,12.44178,0.0,12.47197151184082
7.25,12.43751,0.0,12.468714714050293
7.26,12.43336,0.0,12.462653160095215
7.27,12.43012,0.0,12.459528923034668
7.28,12.42544,0.0,12.455167770385742
7.29,12.4217,0.0,12.453075408935547
7.3,12.41812,0.0,12.450075149536133
7.31,12.41537,0.0,12.447887420654297
7.32,12.41149,0.0,12.44838809967041
7.33,12.40846,0.0,12.448083877563477
7.34,12.40565,0.0,12.449472427368164
7.35,12.40355,0.0,12.448208808898926
7.36,12.4007,0.0,12.447386741638184
7.37,12.39858,0.0,12.445321083068848
7.38,12.39673,0.0,12.446441650390625
7.39,12.39543,0.0,12.444408416748047
7.4,12.39383,0.0,12.441740036010742
7.41,12.39281,0.0,12.438685417175293
7.42,12.39209,0.0,12.434699058532715
7.43,12.39169,0.0,12.435466766357422
7.44,12.39161,0.0,12.433130264282227
7.45,12.39185,0.0,12.433511734008789
7.46,12.39244,0.0,12.437845230102539
7.47,12.39338,0.0,12.440585136413574
7.48,12.39467,0.0,12.44800090789795
7.49,12.39633,0.0,12.446634292602539
7.5,12.39835,0.0,12.450760841369629
7.51,12.40075,0.0,12.452327728271484
7.52,12.40295,0.0,12.451541900634766
7.53,12.40669,0.0,12.454021453857422
7.54,12.41024,0.0,12.460135459899902
7.55,12.41416,0.0,12.469671249389648
7.56,12.41758,0.0,12.476485252380371
7.57,12.42314,0.0,12.489761352539062
7.58,12.42819,0.0,12.503336906433105
7.59,12.43359,0.0,12.518065452575684
7.6,12.43817,0.0,12.529792785644531
7.61,12.44542,0.0,12.53968620300293
7.62,12.45182,0.0,12.548079490661621
7.63,12.45852,0.0,12.553699493408203
7.64,12.46409,0.0,12.558358192443848
7.65,12.47272,0.0,12.558821678161621
7.66,12.48017,0.0,12.561055183410645
7.67,12.48782,0.0,12.56116771697998
7.68,12.49563,0.0,12.56472396850586
7.69,12.50356,0.0,12.56767749786377
7.7,12.51159,0.0,12.570924758911133
7.71,12.51967,0.0,12.57874584197998
7.72,12.52776,0.0,12.586690902709961
7.73,12.53582,0.0,12.59600830078125
7.74,12.54381,0.0,12.608437538146973
7.75,12.55168,0.0,12.61375904083252
7.76,12.5594,0.0,12.621813774108887
7.77,12.56544,0.0,12.626862525939941
7.78,12.57419,0.0,12.629168510437012
7.79,12.58117,0.0,12.63308334350586
7.8,12.58783,0.0,12.633645057678223
7.81,12.5929,0.0,12.637529373168945
7.82,12.60001,0.0,12.638739585876465
7.83,12.60545,0.0,12.640737533569336
7.84,12.61044,0.0,12.638279914855957
7.85,12.61407,0.0,12.637614250183105
7.86,12.61889,0.0,12.632883071899414
7.87,12.62231,0.0,12.6258544921875
7.88,12.62518,0.0,12.619253158569336
7.89,12.62706,0.0,12.616277694702148
7.9,12.62919,0.0,12.612364768981934
7.91,12.63033,0.0,12.612445831298828
7.92,12.63089,0.0,12.612629890441895
7.93,12.63092,0.0,12.614023208618164
7.94,12.63029,0.0,12.61552906036377
7.95,12.62915,0.0,12.619497299194336
7.96,12.62749,0.0,12.619452476501465
7.97,12.62531,0.0,12.61775016784668
7.98,12.62265,0.0,12.614791870117188
7.99,12.61953,0.0,12.608750343322754
8.0,12.61599,0.0,12.605908393859863
8.01,12.61205,0.0,12.601123809814453
8.02,12.60776,0.0,12.599936485290527
8.03,12.60315,0.0,12.598276138305664
8.04,12.59926,0.0,12.594977378845215
8.05,12.59418,0.0,12.591161727905273
8.06,12.58889,0.0,12.587868690490723
8.07,12.58234,0.0,12.58739948272705
8.08,12.57675,0.0,12.585095405578613
8.09,12.57104,0.0,12.582441329956055
8.1,12.56535,0.0,12.580758094787598
8.11,12.55963,0.0,12.576315879821777
8.12,12.55506,0.0,12.572267532348633
8.13,12.54941,0.0,12.56673526763916
8.14,12.54383,0.0,12.56371021270752
8.15,12.53729,0.0,12.559765815734863
8.16,12.53198,0.0,12.553762435913086
8.17,12.52682,0.0,12.54686164855957
8.18,12.52182,0.0,12.542797088623047
8.19,12.517,0.0,12.53905963897705
8.2,12.51236,0.0,12.534027099609375
8.21,12.50791,0.0,12.531644821166992
8.22,12.50363,0.0,12.529385566711426
8.23,12.49954,0.0,12.527135848999023
8.24,12.49563,0.0,12.52426815032959
8.25,12.49187,0.0,12.52161979675293
8.26,12.48827,0.0,12.51700496673584
8.27,12.48479,0.0,12.512612342834473
8.28,12.48144,0.0,12.510712623596191
8.29,12.47881,0.0,12.502195358276367
8.3,12.47498,0.0,12.495054244995117
8.31,12.47184,0.0,12.49014663696289
8.32,12.46872,0.0,12.485635757446289
8.33,12.4656,0.0,12.478253364562988
8.34,12.46247,0.0,12.471519470214844
8.35,12.45928,0.0,12.46627426147461
8.36,12.45603,0.0,12.460390090942383
8.37,12.45335,0.0,12.45229434967041
8.38,12.44923,0.0,12.446418762207031
8.39,12.44564,0.0,12.44176959991455
8.4,12.44192,0.0,12.438369750976562
8.41,12.43804,0.0,12.435182571411133
8.42,12.43399,0.0,12.431791305541992
8.43,12.42976,0.0,12.42922306060791
8.44,12.42536,0.0,12.425233840942383
8.45,12.42078,0.0,12.4210844039917
8.46,12.41602,0.0,12.417963981628418
8.47,12.41108,0.0,12.41448974609375
8.48,12.40598,0.0,12.407577514648438
8.49,12.40073,0.0,12.402689933776855
8.5,12.39533,0.0,12.397326469421387
8.51,12.3898,0.0,12.392477989196777
8.52,12.38416,0.0,12.386693954467773
8.53,12.37843,0.0,12.383590698242188
8.54,12.37379,0.0,12.377311706542969
8.55,12.36679,0.0,12.374371528625488
8.56,12.36091,0.0,12.372042655944824
8.57,12.35504,0.0,12.370068550109863
8.58,12.34919,0.0,12.367656707763672
8.59,12.34339,0.0,12.363126754760742
8.6,12.33765,0.0,12.359262466430664
8.61,12.33201,0.0,12.357707023620605
8.62,12.32757,0.0,12.354984283447266
8.63,12.32108,0.0,12.350440979003906
8.64,12.31583,0.0,12.34640121459961
8.65,12.31074,0.0,12.343884468078613
8.66,12.30583,0.0,12.335993766784668
8.67,12.30111,0.0,12.33172607421875
8.68,12.29658,0.0,12.32398796081543
8.69,12.29225,0.0,12.316648483276367
8.7,12.28893,0.0,12.309651374816895
8.71,12.28421,0.0,12.301584243774414
8.72,12.28048,0.0,12.296137809753418
8.73,12.27695,0.0,12.289861679077148
8.74,12.2736,0.0,12.284980773925781
8.75,12.27042,0.0,12.280638694763184
8.76,12.2674,0.0,12.274652481079102
8.77,12.26452,0.0,12.27258586883545
8.78,12.26176,0.0,12.267782211303711
8.79,12.25963,0.0,12.262772560119629
8.8,12.25653,0.0,12.260107040405273
8.81,12.25402,0.0,12.255797386169434
8.82,12.25153,0.0,12.25316047668457
8.83,12.24906,0.0,12.247620582580566
8.84,12.24656,0.0,12.242291450500488
8.85,12.24402,0.0,12.236530303955078
8.86,12.24142,0.0,12.230304718017578
8.87,12.23926,0.0,12.223133087158203
8.88,12.2359,0.0,12.217747688293457
8.89,12.23294,0.0,12.214055061340332
8.9,12.22981,0.0,12.206941604614258
8.91,12.2265,0.0,12.200422286987305
8.92,12.22298,0.0,12.194454193115234
8.93,12.21924,0.0,12.188895225524902
8.94,12.21526,0.0,12.18593692779541
8.95,12.21189,0.0,12.182753562927246
8.96,12.20653,0.0,12.178482055664062
8.97,12.20175,0.0,12.17667007446289
8.98,12.19669,0.0,12.173173904418945
8.99,12.19135,0.0,12.168773651123047
9.0,12.18571,0.0,12.161795616149902
9.01,12.17978,0.0,12.158567428588867
9.02,12.17357,0.0,12.150179862976074
9.03,12.16707,0.0,12.143072128295898
9.04,12.16166,0.0,12.14284610748291
9.05,12.15324,0.0,12.136462211608887
9.06,12.14593,0.0,12.130121231079102
9.07,12.13838,0.0,12.126432418823242
9.08,12.13059,0.0,12.121068954467773
9.09,12.12259,0.0,12.114614486694336
9.1,12.11438,0.0,12.109051704406738
9.11,12.106,0.0,12.102952003479004
9.12,12.09917,0.0,12.098505973815918
9.13,12.08877,0.0,12.097628593444824
9.14,12.07996,0.0,12.095206260681152
9.15,12.07105,0.0,12.091968536376953
9.16,12.06206,0.0,12.093820571899414
9.17,12.05301,0.0,12.089205741882324
9.18,12.04392,0.0,12.085684776306152
9.19,12.03481,0.0,12.084237098693848
9.2,12.02752,0.0,12.076613426208496
9.21,12.01662,0.0,12.068065643310547
9.22,12.00756,0.0,12.06140422821045
9.23,11.99856,0.0,12.054828643798828
9.24,11.98963,0.0,12.04912281036377
9.25,11.98077,0.0,12.04199504852295
9.26,11.972,0.0,12.033468246459961
9.27,11.96333,0.0,12.029866218566895
9.28,11.95476,0.0,12.019824028015137
9.29,11.94797,0.0,12.011391639709473
9.3,11.93794,0.0,12.005220413208008
9.31,11.92969,0.0,11.998668670654297
9.32,11.92155,0.0,11.992727279663086
9.33,11.9135,0.0,11.988100051879883
9.34,11.90555,0.0,11.98087215423584
9.35,11.89769,0.0,11.975866317749023
9.36,11.88989,0.0,11.973040580749512
9.37,11.88369,0.0,11.964223861694336
9.38,11.87445,0.0,11.951742172241211
9.39,11.86677,0.0,11.945755958557129
9.4,11.85909,0.0,11.932174682617188
9.41,11.8514,0.0,11.922045707702637
9.42,11.84367,0.0,11.913782119750977
9.43,11.83587,0.0,11.901006698608398
9.44,11.82799,0.0,11.886113166809082
9.45,11.82159,0.0,11.873788833618164
9.46,11.81186,0.0,11.860309600830078
9.47,11.80356,0.0,11.852446556091309
9.48,11.79508,0.0,11.840411186218262
9.49,11.78638,0.0,11.82852554321289
9.5,11.77745,0.0,11.821345329284668
9.51,11.76827,0.0,11.814586639404297
9.52,11.75881,0.0,11.80739974975586
9.53,11.74904,0.0,11.797574996948242
9.54,11.741,0.0,11.78650951385498
9.55,11.72855,0.0,11.778221130371094
9.56,11.71779,0.0,11.762849807739258
9.57,11.70667,0.0,11.747438430786133
9.58,11.69518,0.0,11.734314918518066
9.59,11.68331,0.0,11.721123695373535
9.6,11.67106,0.0,11.705466270446777
9.61,11.65842,0.0,11.69615364074707
9.62,11.64802,0.0,11.680785179138184
9.63,11.63199,0.0,11.665593147277832
9.64,11.61821,0.0,11.653312683105469
9.65,11.60406,0.0,11.630288124084473
9.66,11.58954,0.0,11.617826461791992
9.67,11.57468,0.0,11.6110200881958
9.68,11.55948,0.0,11.593875885009766
9.69,11.54397,0.0,11.579384803771973
9.7,11.53132,0.0,11.565081596374512
9.71,11.51206,0.0,11.540446281433105
9.72,11.49571,0.0,11.523931503295898
9.73,11.47912,0.0,11.511295318603516
9.74,11.46231,0.0,11.494146347045898
9.75,11.44532,0.0,11.480688095092773
9.76,11.42817,0.0,11.465877532958984
9.77,11.41087,0.0,11.448965072631836
9.78,11.39346,0.0,11.428083419799805
9.79,11.37946,0.0,11.409177780151367
9.8,11.3584,0.0,11.386547088623047
9.81,11.34079,0.0,11.367344856262207
9.82,11.32316,0.0,11.34732723236084
9.83,11.30552,0.0,11.323470115661621
9.84,11.28791,0.0,11.307947158813477
9.85,11.27033,0.0,11.291582107543945
9.86,11.2528,0.0,11.270108222961426
9.87,11.2388,0.0,11.247783660888672
9.88,11.21794,0.0,11.237907409667969
9.89,11.20063,0.0,11.215965270996094
9.9,11.1834,0.0,11.197160720825195
9.91,11.16627,0.0,11.184700012207031
9.92,11.14922,0.0,11.161086082458496
9.93,11.13227,0.0,11.150452613830566
9.94,11.11539,0.0,11.129342079162598
9.95,11.10193,0.0,11.112214088439941
9.96,11.08186,0.0,11.093611717224121
9.97,11.06517,0.0,11.080709457397461
9.98,11.04852,0.0,11.055901527404785
9.99,11.03189,0.0,11.032746315002441
10.0,11.01526,0.0,11.015000343322754
10.01,10.9986,0.0,10.986373901367188
10.02,10.9819,0.0,10.970172882080078
10.03,10.96513,0.0,10.954524993896484
10.04,10.95163,0.0,10.934829711914062
10.05,10.93128,0.0,10.915741920471191
10.06,10.91414,0.0,10.894877433776855
10.07,10.89683,0.0,10.87463665008545
10.08,10.87933,0.0,10.857185363769531
10.09,10.8616,0.0,10.835396766662598
10.1,10.84361,0.0,10.815399169921875
10.11,10.82537,0.0,10.798469543457031
10.12,10.81054,0.0,10.777098655700684
10.13,10.78797,0.0,10.758673667907715
10.14,10.76879,0.0,10.736100196838379
10.15,10.74926,0.0,10.706573486328125
10.16,10.72937,0.0,10.686837196350098
10.17,10.70912,0.0,10.656686782836914
10.18,10.68849,0.0,10.635519027709961
10.19,10.66748,0.0,10.624107360839844
10.2,10.65037,0.0,10.608399391174316
10.21,10.62433,0.0,10.583342552185059
10.22,10.60218,0.0,10.554423332214355
10.23,10.57967,0.0,10.522693634033203
10.24,10.5568,0.0,10.49564266204834
10.25,10.53359,0.0,10.478710174560547
10.26,10.51005,0.0,10.457599639892578
10.27,10.48619,0.0,10.435189247131348
10.28,10.46204,0.0,10.412152290344238
10.29,10.4425,0.0,10.39362907409668
10.3,10.41294,0.0,10.366499900817871
10.31,10.38804,0.0,10.337443351745605
10.32,10.36292,0.0,10.30412769317627
10.33,10.33763,0.0,10.279568672180176
10.34,10.31218,0.0,10.258480072021484
10.35,10.28659,0.0,10.233134269714355
10.36,10.26089,0.0,10.206427574157715
10.37,10.24025,0.0,10.17729377746582
10.38,10.20924,0.0,10.15149211883545
10.39,10.18334,0.0,10.11652946472168
10.4,10.15739,0.0,10.08629322052002
10.41,10.13142,0.0,10.063222885131836
10.42,10.10547,0.0,10.033891677856445
10.43,10.07951,0.0,10.00518798828125
10.44,10.05357,0.0,9.985213279724121
10.45,10.0328,0.0,9.960588455200195
10.46,10.00174,0.0,9.932814598083496
10.47,9.97585,0.0,9.905344009399414
10.48,9.95,0.0,9.880874633789062
10.49,9.92416,0.0,9.849544525146484
10.5,9.89832,0.0,9.831719398498535
10.51,9.87251,0.0,9.791871070861816
10.52,9.84668,0.0,9.766261100769043
10.53,9.82083,0.0,9.73881721496582
10.54,9.80011,0.0,9.71407699584961
10.55,9.76903,0.0,9.676056861877441
10.56,9.74306,0.0,9.650558471679688
10.57,9.71701,0.0,9.614829063415527
10.58,9.69087,0.0,9.583574295043945
10.59,9.66463,0.0,9.563892364501953
10.6,9.63827,0.0,9.53396987915039
10.61,9.61179,0.0,9.502756118774414
10.62,9.59048,0.0,9.470212936401367
10.63,9.55839,0.0,9.44345760345459
10.64,9.53145,0.0,9.418898582458496
10.65,9.50434,0.0,9.400495529174805
10.66,9.47706,0.0,9.370394706726074
10.67,9.44959,0.0,9.342788696289062
10.68,9.42195,0.0,9.303550720214844
10.69,9.39413,0.0,9.266732215881348
10.7,9.37172,0.0,9.232626914978027
10.71,9.33796,0.0,9.207877159118652
10.72,9.30963,0.0,9.184891700744629
10.73,9.28115,0.0,9.15218734741211
10.74,9.25252,0.0,9.121915817260742
10.75,9.22377,0.0,9.083196640014648
10.76,9.19491,0.0,9.046602249145508
10.77,9.16595,0.0,9.02047348022461
10.78,9.13692,0.0,8.987690925598145
10.79,9.11363,0.0,8.955544471740723
10.8,9.07871,0.0,8.924434661865234
10.81,9.04958,0.0,8.890196800231934
10.82,9.02045,0.0,8.860603332519531
10.83,8.99137,0.0,8.830790519714355
10.84,8.96233,0.0,8.802244186401367
10.85,8.93338,0.0,8.780421257019043
10.86,8.90453,0.0,8.75405216217041
10.87,8.8815,0.0,8.727120399475098
10.88,8.84721,0.0,8.699568748474121
10.89,8.81879,0.0,8.67680549621582
10.9,8.79054,0.0,8.650735855102539
10.91,8.7625,0.0,8.635746002197266
10.92,8.73466,0.0,8.607805252075195
10.93,8.70706,0.0,8.576939582824707
10.94,8.67968,0.0,8.54843521118164
10.95,8.65794,0.0,8.525535583496094
10.96,8.62568,0.0,8.505509376525879
10.97,8.59906,0.0,8.48826789855957
10.98,8.5727,0.0,8.459135055541992
10.99,8.5466,0.0,8.432228088378906
11.0,8.52074,0.0,8.411764144897461
11.01,8.49516,0.0,8.391267776489258
11.02,8.4698,0.0,8.361442565917969
11.03,8.44469,0.0,8.33845043182373
11.04,8.42474,0.0,8.314337730407715
11.05,8.39513,0.0,8.28101634979248
11.06,8.37065,0.0,8.255952835083008
11.07,8.34635,0.0,8.231474876403809
11.08,8.32223,0.0,8.210578918457031
11.09,8.29823,0.0,8.191898345947266
11.1,8.27438,0.0,8.16592788696289
11.11,8.25065,0.0,8.144960403442383
11.12,8.23171,0.0,8.119976997375488
11.13,8.20343,0.0,8.09770393371582
11.14,8.17991,0.0,8.073403358459473
11.15,8.15642,0.0,8.053424835205078
11.16,8.13295,0.0,8.030319213867188
11.17,8.10948,0.0,8.01023006439209
11.18,8.086,0.0,7.9960455894470215
11.19,8.06247,0.0,7.971330165863037
11.2,8.04362,0.0,7.945570945739746
11.21,8.01532,0.0,7.9203925132751465
11.22,7.99166,0.0,7.897801399230957
11.23,7.96793,0.0,7.880072116851807
11.24,7.94414,0.0,7.858044624328613
11.25,7.92028,0.0,7.836236000061035
11.26,7.89635,0.0,7.815094947814941
11.27,7.87237,0.0,7.7839460372924805
11.28,7.84833,0.0,7.767820835113525
11.29,7.82905,0.0,7.745109558105469
11.3,7.80014,0.0,7.722813606262207
11.31,7.77601,0.0,7.701807498931885
11.32,7.75189,0.0,7.684865951538086
11.33,7.72779,0.0,7.6737060546875
11.34,7.70373,0.0,7.6600189208984375
11.35,7.67973,0.0,7.642067909240723
11.36,7.65583,0.0,7.6275153160095215
11.37,7.63678,0.0,7.607107639312744
11.38,7.60841,0.0,7.590068817138672
11.39,7.58494,0.0,7.570310592651367
11.4,7.56166,0.0,7.54828405380249
11.41,7.53864,0.0,7.530679225921631
11.42,7.51585,0.0,7.512861251831055
11.43,7.49335,0.0,7.487521171569824
11.44,7.47117,0.0,7.4777021408081055
11.45,7.45364,0.0,7.470323085784912
11.46,7.42782,0.0,7.450958728790283
11.47,7.40671,0.0,7.4421844482421875
11.48,7.38601,0.0,7.4262471199035645
11.49,7.36572,0.0,7.403709888458252
11.5,7.34587,0.0,7.388701438903809
11.51,7.32647,0.0,7.370677947998047
11.52,7.30753,0.0,7.354124546051025
11.53,7.28905,0.0,7.341475009918213
11.54,7.2746,0.0,7.326380729675293
11.55,7.25353,0.0,7.3089728355407715
11.56,7.23648,0.0,7.297173500061035
11.57,7.21991,0.0,7.274935722351074
11.58,7.2038,0.0,7.255640506744385
11.59,7.18815,0.0,7.238020420074463
11.6,7.17294,0.0,7.222012042999268
11.61,7.15817,0.0,7.208805084228516
11.62,7.14664,0.0,7.1955156326293945
11.63,7.12985,0.0,7.180312156677246
11.64,7.11628,0.0,7.162176132202148
11.65,7.10307,0.0,7.144756317138672
11.66,7.0902,0.0,7.133288383483887
11.67,7.07765,0.0,7.118545055389404
11.68,7.06541,0.0,7.0962653160095215
11.69,7.05344,0.0,7.086410999298096
11.7,7.04404,0.0,7.074784278869629
11.71,7.03024,0.0,7.059417724609375
11.72,7.01899,0.0,7.055795192718506
11.73,7.00793,0.0,7.043708324432373
11.74,6.99706,0.0,7.03352689743042
11.75,6.98635,0.0,7.026542663574219
11.76,6.97579,0.00698,7.010117530822754
11.77,6.96537,0.02849,6.988443374633789
11.78,6.95509,0.04979,6.974997520446777
11.79,6.94694,0.06666,6.9668288230896
11.8,6.93488,0.09163,6.955808162689209
11.81,6.92495,0.11212,6.9425554275512695
11.82,6.91513,0.1323,6.932091236114502
11.83,6.90543,0.15213,6.925239562988281
11.84,6.89583,0.17161,6.918175220489502
11.85,6.88636,0.19071,6.908084869384766
11.86,6.87702,0.20942,6.893714904785156
11.87,6.86963,0.2241,6.879479885101318
11.88,6.85873,0.24559,6.869834899902344
11.89,6.8498,0.26301,6.862571716308594
11.9,6.84103,0.27999,6.853822708129883
11.91,6.83245,0.29648,6.844216346740723
11.92,6.82404,0.31249,6.838441848754883
11.93,6.81583,0.32799,6.830917835235596
11.94,6.80783,0.34298,6.826418399810791
11.95,6.80159,0.3546,6.819636821746826
11.96,6.79251,0.37134,6.810817241668701
11.97,6.7852,0.38467,6.806506633758545
11.98,6.77816,0.39741,6.800390243530273
11.99,6.77138,0.40954,6.7938642501831055
12.0,6.76488,0.42104,6.788671970367432
12.01,6.75867,0.43189,6.7818474769592285
12.02,6.75274,0.44207,6.774587154388428
12.03,6.74821,0.44973,6.767043590545654
12.04,6.74283,0.45865,6.763192653656006
12.05,6.73678,0.46838,6.758233547210693
12.06,6.73208,0.47566,6.7523393630981445
12.07,6.7277,0.48217,6.747619152069092
12.08,6.72362,0.48789,6.744531154632568
12.09,6.71986,0.4928,6.744036674499512
12.1,6.7164,0.49689,6.741762638092041
12.11,6.71326,0.50015,6.738096714019775
12.12,6.71096,0.50215,6.732553005218506
12.13,6.70786,0.50413,6.726253032684326
12.14,6.7056,0.50485,6.721747398376465
12.15,6.70363,0.50471,6.71891975402832
12.16,6.70192,0.50373,6.718375205993652
12.17,6.70048,0.50191,6.716617107391357
12.18,6.69929,0.49927,6.7171854972839355
12.19,6.69835,0.49581,6.719427585601807
12.2,6.69776,0.49247,6.7187910079956055
12.21,6.69713,0.48655,6.712542533874512
12.22,6.69684,0.4808,6.701681613922119
12.23,6.69674,0.47433,6.693232536315918
12.24,6.69682,0.4672,6.689093112945557
12.25,6.69706,0.45942,6.686365604400635
12.26,6.69745,0.45105,6.685485363006592
12.27,6.69798,0.44212,6.6873016357421875
12.28,6.69849,0.43461,6.688610553741455
12.29,6.69922,0.4248,6.688284873962402
12.3,6.70023,0.41248,6.686727046966553
12.31,6.70115,0.4018,6.686821460723877
12.32,6.70213,0.39082,6.686587810516357
12.33,6.70316,0.37956,6.686784267425537
12.34,6.70422,0.3681,6.68795108795166
12.35,6.7053,0.35647,6.689574718475342
12.36,6.70639,0.34474,6.691847801208496
12.37,6.70726,0.33529,6.694634437561035
12.38,6.70854,0.3211,6.694450378417969
12.39,6.70958,0.30929,6.693775653839111
12.4,6.71058,0.29755,6.692996025085449
12.41,6.71153,0.28591,6.690406322479248
12.42,6.71242,0.2744,6.687326908111572
12.43,6.71325,0.26307,6.685845851898193
12.44,6.71401,0.25193,6.685033321380615
12.45,6.71456,0.24318,6.685565948486328
12.46,6.71529,0.23036,6.6864190101623535
12.47,6.71581,0.21997,6.686470031738281
12.48,6.71625,0.20986,6.687894344329834
12.49,6.71661,0.20005,6.688948154449463
12.5,6.71689,0.19055,6.689249515533447
12.51,6.71708,0.18136,6.690895080566406
12.52,6.71721,0.17249,6.691357612609863
12.53,6.71726,0.16561,6.691421985626221
12.54,6.71726,0.15731,6.692147254943848
12.55,6.71719,0.14777,6.691535472869873
12.56,6.71707,0.14015,6.6925225257873535
12.57,6.71692,0.13284,6.693423748016357
12.58,6.71673,0.12581,6.6946258544921875
12.59,6.71653,0.11906,6.69644021987915
12.6,6.71632,0.11258,6.6977081298828125
12.61,6.7161,0.10636,6.699376106262207
12.62,6.71594,0.10154,6.701082706451416
12.63,6.71572,0.09461,6.702086448669434
12.64,6.71558,0.08907,6.702998638153076
12.65,6.71547,0.08373,6.704601287841797
12.66,6.71542,0.07857,6.70690393447876
12.67,6.71542,0.07359,6.709143161773682
12.68,6.7155,0.06876,6.711363315582275
12.69,6.71565,0.06409,6.714780330657959
12.7,6.71583,0.06045,6.717464923858643
12.71,6.7162,0.05515,6.720047473907471
12.72,6.7166,0.05087,6.720344066619873
12.73,6.7171,0.0467,6.7212605476379395
12.74,6.7177,0.04265,6.721512794494629
12.75,6.71839,0.03869,6.721497058868408
12.76,6.71916,0.03484,6.722599506378174
12.77,6.72003,0.03109,6.723630428314209
12.78,6.72079,0.02815,6.7238640785217285
12.79,6.72181,0.02458,6.72410774230957
12.8,6.72313,0.02043,6.724270820617676
12.81,6.7243,0.01708,6.724597930908203
12.82,6.72553,0.01385,6.724399566650391
12.83,6.72681,0.01073,6.724608421325684
12.84,6.72812,0.00772,6.724919319152832
12.85,6.72946,0.00485,6.724989891052246
12.86,6.73081,0.00211,6.7238569259643555
12.87,6.73189,0.0,6.722604751586914
12.88,6.73349,0.0,6.7215704917907715
12.89,6.7348,0.0,6.719480991363525
12.9,6.73606,0.0,6.71778678894043
12.91,6.73727,0.0,6.716594696044922
12.92,6.73842,0.0,6.715092182159424
12.93,6.73947,0.0,6.714192867279053
12.94,6.74043,0.0,6.712011337280273
12.95,6.74113,0.0,6.7095723152160645
12.96,6.74202,0.0,6.708917140960693
12.97,6.74261,0.0,6.708045482635498
12.98,6.74307,0.0,6.707844257354736
12.99,6.74337,0.0,6.707316875457764
13.0,6.74352,0.0,6.707820892333984
13.01,6.74349,0.0,6.709691047668457
13.02,6.74329,0.0,6.710768699645996
13.03,6.74301,0.0,6.712067604064941
13.04,6.74249,0.0,6.713047504425049
13.05,6.74163,0.0,6.713347434997559
13.06,6.74071,0.0,6.711831569671631
13.07,6.73961,0.0,6.709456920623779
13.08,6.73834,0.0,6.706740379333496
13.09,6.73689,0.0,6.704768180847168
13.1,6.73528,0.0,6.701375961303711
13.11,6.73352,0.0,6.69810676574707
13.12,6.732,0.0,6.69608736038208
13.13,6.72955,0.0,6.693498611450195
13.14,6.72738,0.0,6.691837310791016
13.15,6.72508,0.0,6.690502643585205
13.16,6.72269,0.0,6.688830852508545
13.17,6.72022,0.0,6.688611030578613
13.18,6.71767,0.0,6.686773300170898
13.19,6.71506,0.0,6.685468673706055
13.2,6.71295,0.0,6.684250354766846
13.21,6.70974,0.0,6.6819305419921875
13.22,6.70706,0.0,6.679829120635986
13.23,6.70438,0.0,6.679658889770508
13.24,6.70172,0.0,6.678974628448486
13.25,6.69909,0.0,6.676996231079102
13.26,6.6965,0.0,6.674013614654541
13.27,6.69397,0.0,6.673786163330078
13.28,6.69199,0.0,6.674348831176758
13.29,6.68958,0.0,6.673014163970947
13.3,6.68681,0.0,6.6706037521362305
13.31,6.68459,0.0,6.669221878051758
13.32,6.68247,0.0,6.6681084632873535
13.33,6.68045,0.0,6.665970325469971
13.34,6.67853,0.0,6.666418552398682
13.35,6.67671,0.0,6.667820930480957
13.36,6.675,0.0,6.667495250701904
13.37,6.6737,0.0,6.665430545806885
13.38,6.67187,0.0,6.6637492179870605
13.39,6.67044,0.0,6.662341117858887
13.4,6.6691,0.0,6.660590171813965
13.41,6.66784,0.0,6.657668113708496
13.42,6.66666,0.0,6.656684875488281
13.43,6.66553,0.0,6.655765056610107
13.44,6.66446,0.0,6.653733253479004
13.45,6.66364,0.0,6.652114391326904
13.46,6.66246,0.0,6.650832653045654
13.47,6.6615,0.0,6.650790214538574
13.48,6.66056,0.0,6.649689674377441
13.49,6.65962,0.0,6.647161483764648
13.5,6.65869,0.0,6.64561653137207
13.51,6.65774,0.0,6.644276142120361
13.52,6.65677,0.0,6.641663074493408
13.53,6.65598,0.0,6.638674259185791
13.54,6.65497,0.0,6.636556625366211
13.55,6.65369,0.0,6.634905815124512
13.56,6.65259,0.0,6.631753444671631
13.57,6.65143,0.0,6.628468990325928
13.58,6.65023,0.0,6.626530647277832
13.59,6.64897,0.0,6.626136779785156
13.6,6.64765,0.0,6.626126766204834
13.61,6.64628,0.0,6.626780033111572
13.62,6.64515,0.0,6.628702163696289
13.63,6.64339,0.0,6.6292924880981445
13.64,6.64186,0.0,6.628146648406982
13.65,6.64029,0.0,6.627322673797607
13.66,6.63867,0.0,6.627756595611572
13.67,6.63702,0.0,6.627636909484863
13.68,6.63533,0.0,6.627677917480469
13.69,6.63362,0.0,6.627171993255615
13.7,6.63223,0.0,6.627017021179199
13.71,6.63012,0.0,6.626976490020752
13.72,6.62835,0.0,6.625969886779785
13.73,6.62658,0.0,6.6252665519714355
13.74,6.62481,0.0,6.624183177947998
13.75,6.62305,0.0,6.62277889251709
13.76,6.6213,0.0,6.620859146118164
13.77,6.61957,0.0,6.617754936218262
13.78,6.6182,0.0,6.616837978363037
13.79,6.61652,0.0,6.615854263305664
13.8,6.61454,0.0,6.614394187927246
13.81,6.61294,0.0,6.614218235015869
13.82,6.61137,0.0,6.614850044250488
13.83,6.60986,0.0,6.613868236541748
13.84,6.60839,0.0,6.610591411590576
13.85,6.60697,0.0,6.608172416687012
13.86,6.6056,0.0,6.6077117919921875
13.87,6.60455,0.0,6.606731414794922
13.88,6.60303,0.0,6.60374641418457
13.89,6.60183,0.0,6.602336883544922
13.9,6.60068,0.0,6.602110862731934
13.91,6.59959,0.0,6.601768970489502
13.92,6.59856,0.0,6.6011247634887695
13.93,6.59758,0.0,6.600927829742432
13.94,6.59666,0.0,6.6019368171691895
13.95,6.59596,0.0,6.6030964851379395
13.96,6.59497,0.0,6.604644775390625
13.97,6.5942,0.0,6.6071367263793945
13.98,6.59348,0.0,6.608774185180664
13.99,6.59281,0.0,6.610179901123047
14.0,6.59219,0.0,6.611301898956299
14.01,6.59161,0.0,6.612316608428955
14.02,6.59107,0.0,6.610682487487793
14.03,6.59067,0.0,6.6091389656066895
14.04,6.59021,0.0,6.605354309082031
14.05,6.5897,0.0,6.600648403167725
14.06,6.58932,0.0,6.596798419952393
14.07,6.58897,0.0,6.595304012298584
14.08,6.58865,0.0,6.5950188636779785
14.09,6.58837,0.0,6.594822406768799
14.1,6.58812,0.0,6.593716621398926
14.11,6.58789,0.0,6.593425273895264
14.12,6.58773,0.0,6.5958571434021
14.13,6.58752,0.0,6.598537445068359
14.14,6.58737,0.0,6.6033549308776855
14.15,6.58725,0.0,6.606180667877197
14.16,6.58714,0.0,6.60805606842041
14.17,6.58706,0.0,6.61029052734375
14.18,6.587,0.0,6.60925817489624
14.19,6.58695,0.0,6.606252193450928
14.2,6.58692,0.0,6.602522373199463
14.21,6.5869,0.0,6.597938060760498
14.22,6.58689,0.0,6.5927581787109375
14.23,6.5869,0.0,6.587836265563965
14.24,6.58692,0.0,6.5856733322143555
14.25,6.58694,0.0,6.5826826095581055
14.26,6.58698,0.0,6.581143379211426
14.27,6.58701,0.0,6.582146644592285
14.28,6.58705,0.0,6.5816650390625
14.29,6.5871,0.0,6.581419944763184
14.3,6.58715,0.0,6.581516742706299
14.31,6.5872,0.0,6.584628105163574
14.32,6.58726,0.0,6.58784818649292
14.33,6.58731,0.0,6.5871686935424805
14.34,6.58736,0.0,6.58667516708374
14.35,6.5874,0.0,6.5891642570495605
14.36,6.58745,0.0,6.589985370635986
14.37,6.58748,0.0,6.589463710784912
14.38,6.58753,0.0,6.59012508392334
14.39,6.58757,0.0,6.591638088226318
14.4,6.5876,0.0,6.592816352844238
14.41,6.58763,0.0,6.591532230377197
14.42,6.58765,0.0,6.5904316902160645
14.43,6.58767,0.0,6.591725826263428
14.44,6.58769,0.0,6.5906572341918945
14.45,6.5877,0.0,6.588301658630371
14.46,6.58772,0.0,6.587719917297363
14.47,6.58773,0.0,6.587644577026367
14.48,6.58773,0.0,6.587909698486328
14.49,6.58774,0.0,6.587982177734375
14.5,6.58775,0.0,6.5895843505859375
14.51,6.58775,0.0,6.590097427368164
14.52,6.58775,0.0,6.589847087860107
14.53,6.58775,0.0,6.5888872146606445
14.54,6.58775,0.0,6.5875043869018555
14.55,6.58775,0.0,6.587055683135986
14.56,6.58775,0.0,6.588501453399658
14.57,6.58775,0.0,6.590404033660889
14.58,6.58775,0.0,6.591468334197998
14.59,6.58775,0.0,6.589202404022217
14.6,6.58775,0.0,6.587583541870117
14.61,6.58775,0.0,6.587882995605469
