time,veh_u,veh_v,model_GRU_lon_2080.pt
0.0,0.0,0.01722,0.015690425410866737
0.01,0.0,0.01565,0.015690425410866737
0.02,0.0,0.01409,0.015690425410866737
0.03,0.0,0.01256,0.015690425410866737
0.04,0.0,0.01105,0.015690425410866737
0.05,0.0,0.00957,0.015690425410866737
0.06,0.0,0.00815,0.015690425410866737
0.07,0.0,0.00677,0.015690425410866737
0.08,0.0,0.00546,0.015690425410866737
0.09,0.0,0.00421,0.015690425410866737
0.1,0.0,0.00303,0.015690425410866737
0.11,0.0,0.00192,0.015690425410866737
0.12,0.0,0.0,0.015690425410866737
0.13,0.0,0.0,0.015690425410866737
0.14,0.0,0.0,0.015690425410866737
0.15,0.0,0.0,0.015690425410866737
0.16,0.0,0.0,0.015690425410866737
0.17,0.0,0.0,0.015690425410866737
0.18,0.0,0.0,0.015690425410866737
0.19,0.0,0.0,0.015690425410866737
0.2,0.0,0.0,0.015690425410866737
0.21,0.0,0.0,0.015690425410866737
0.22,0.0,0.0,0.015690425410866737
0.23,0.0,0.0,0.015690425410866737
0.24,0.0,0.0,0.015690425410866737
0.25,0.0,0.0,0.015690425410866737
0.26,0.0,0.0,0.015690425410866737
0.27,0.0,0.0,0.015690425410866737
0.28,0.0,0.0,0.015690425410866737
0.29,0.0,0.0,0.015690425410866737
0.3,0.0,0.0,0.015690425410866737
0.31,0.0,0.0,0.015690425410866737
0.32,0.01094,0.0,0.015690425410866737
0.33,0.01192,0.0,0.015690425410866737
0.34,0.01278,0.0,0.015690425410866737
0.35,0.01336,0.0,0.015690425410866737
0.36,0.01405,0.0,0.015690425410866737
0.37,0.01444,0.0,0.015690425410866737
0.38,0.01468,0.0,0.015690425410866737
0.39,0.01474,0.0,0.015690425410866737
0.4,0.01463,0.0,0.015690425410866737
0.41,0.01441,0.0,0.015690425410866737
0.42,0.01389,0.0,0.015690425410866737
0.43,0.01326,0.0,0.015690425410866737
0.44,0.01248,0.0,0.015690425410866737
0.45,0.01153,0.0,0.015690425410866737
0.46,0.01044,0.0,0.015690425410866737
0.47,0.0,0.0,0.015690425410866737
0.48,0.0,0.0,0.015690425410866737
0.49,0.0,0.0,0.015690425410866737
0.5,0.0,0.0,0.015690425410866737
0.51,0.0,0.0,0.015690425410866737
0.52,0.0,0.0,0.015690425410866737
0.53,0.0,0.0,0.015690425410866737
0.54,0.0,0.0,0.015690425410866737
0.55,0.0,0.0,0.015690425410866737
0.56,0.0,0.0,0.015690425410866737
0.57,0.0,0.0,0.015690425410866737
0.58,0.0,0.0,0.015690425410866737
0.59,0.0,0.0,0.015690425410866737
0.6,0.0,0.0,0.015690425410866737
0.61,0.0,0.0,0.015690425410866737
0.62,0.0,0.0,0.015690425410866737
0.63,0.0,0.0,0.015690425410866737
0.64,0.0,0.0,0.015690425410866737
0.65,0.0,0.0,0.015690425410866737
0.66,0.0,0.0,0.015690425410866737
0.67,0.0,0.0,0.015690425410866737
0.68,0.0,0.0,0.015690425410866737
0.69,0.0,0.0,0.015690425410866737
0.7,0.0,0.0,0.015690425410866737
0.71,0.0,0.0,0.015690425410866737
0.72,0.0,0.0,0.015690425410866737
0.73,0.0,0.0,0.015690425410866737
0.74,0.0,0.0,0.015690425410866737
0.75,0.0,0.0,0.015690425410866737
0.76,0.0,0.0,0.015690425410866737
0.77,0.0,0.0,0.015690425410866737
0.78,0.0,0.0,0.015690425410866737
0.79,0.0,0.0,0.015690425410866737
0.8,0.0,0.0,0.015690425410866737
0.81,0.0,0.0,0.015690425410866737
0.82,0.0,0.0,0.015690425410866737
0.83,0.0,0.0,0.015690425410866737
0.84,0.0,0.0,0.015690425410866737
0.85,0.0,0.0,0.015690425410866737
0.86,0.0,0.0,0.015690425410866737
0.87,0.0,0.0,0.015690425410866737
0.88,0.0,0.0,0.015690425410866737
0.89,0.0,0.0,0.015690425410866737
0.9,0.0,0.0,0.015969090163707733
0.91,0.0,0.0,0.01620982214808464
0.92,0.0,0.0,0.016341742128133774
0.93,0.0,0.0,0.01637970842421055
0.94,0.0,0.0,0.016350071877241135
0.95,0.0,0.0,0.016244802623987198
0.96,0.0,0.0,0.016092315316200256
0.97,0.0,0.0,0.015944253653287888
0.98,0.01014,0.0,0.015702465549111366
0.99,0.01053,0.0,0.015374775975942612
1.0,0.01076,0.0,0.015010310336947441
1.01,0.01082,0.0,0.014610476791858673
1.02,0.01073,0.0,0.014210086315870285
1.03,0.01048,0.0,0.013778895139694214
1.04,0.01008,0.0,0.013302402570843697
1.05,0.0,0.0,0.012821614742279053
1.06,0.0,0.0,0.012339595705270767
1.07,0.0,0.0,0.011864779517054558
1.08,0.0,0.0,0.011423405259847641
1.09,0.0,0.0,0.01097429171204567
1.1,0.0,0.0,0.010552596300840378
1.11,0.0,0.0,0.010203966870903969
1.12,0.0,0.0,0.009928876534104347
1.13,0.0,0.0,0.00969814881682396
1.14,0.0,0.0,0.00949065014719963
1.15,0.0,0.0,0.009263776242733002
1.16,0.0,0.0,0.009029826149344444
1.17,0.0,0.0,0.008803950622677803
1.18,0.0,0.0,0.008573116734623909
1.19,0.0,0.0,0.008426370099186897
1.2,0.0,0.0,0.008335741236805916
1.21,0.0,0.0,0.008292295038700104
1.22,0.0,0.0,0.008298173546791077
1.23,0.0,0.0,0.008367456495761871
1.24,0.0,0.0,0.008517498150467873
1.25,0.0,0.0,0.008703798055648804
1.26,0.0,0.0,0.008968085050582886
1.27,0.0,0.0,0.009515194222331047
1.28,0.0,0.0,0.010504571720957756
1.29,0.0,0.0,0.012007530778646469
1.3,0.0,0.0,0.014078319072723389
1.31,0.0,0.0,0.016669023782014847
1.32,0.0,0.0,0.019670158624649048
1.33,0.0,0.0,0.023020144551992416
1.34,0.0,0.0,0.026556380093097687
1.35,0.0,0.0,0.03005523607134819
1.36,0.0,0.0,0.03325964882969856
1.37,0.0,0.0,0.036024533212184906
1.38,0.0,0.0,0.03833470866084099
1.39,0.0,0.0,0.04025690257549286
1.4,0.0,0.0,0.04184817895293236
1.41,0.0,0.0,0.043113984167575836
1.42,0.0,0.0,0.04418285936117172
1.43,0.0,0.0,0.04519718140363693
1.44,0.0,0.00141,0.04621248319745064
1.45,0.0,0.00188,0.04722575843334198
1.46,0.01084,0.00234,0.048301324248313904
1.47,0.01189,0.00278,0.049451157450675964
1.48,0.01281,0.0032,0.05076872557401657
1.49,0.01358,0.00359,0.05211598798632622
1.5,0.01418,0.00396,0.0531713031232357
1.51,0.0146,0.00428,0.05385676398873329
1.52,0.01483,0.00457,0.05404730886220932
1.53,0.01487,0.00482,0.05382592976093292
1.54,0.01472,0.00502,0.05329826846718788
1.55,0.01439,0.00518,0.05272943899035454
1.56,0.01387,0.00528,0.05236297473311424
1.57,0.01318,0.00533,0.05230896174907684
1.58,0.01234,0.00533,0.05264575034379959
1.59,0.01137,0.00527,0.053386423736810684
1.6,0.0103,0.00516,0.054496441036462784
1.61,0.0,0.005,0.055801644921302795
1.62,0.0,0.00478,0.057116344571113586
1.63,0.0,0.00457,0.05820202827453613
1.64,0.0,0.00426,0.05895594507455826
1.65,0.0,0.00391,0.059446074068546295
1.66,0.0,0.00351,0.05974546819925308
1.67,0.0,0.00298,0.059910260140895844
1.68,0.0,0.00249,0.0600576251745224
1.69,0.0,0.00198,0.06020636111497879
1.7,0.0,0.00143,0.06045442074537277
1.71,0.0,0.0,0.06077145040035248
1.72,0.0,0.0,0.06125194579362869
1.73,0.0,0.0,0.06185803562402725
1.74,0.0121,0.0,0.062498003244400024
1.75,0.01613,0.0,0.0632590502500534
1.76,0.02109,0.0,0.06399799883365631
1.77,0.02707,0.0,0.0648140087723732
1.78,0.03416,0.0,0.06604083627462387
1.79,0.04242,0.0,0.06835771352052689
1.8,0.05193,0.0,0.07241161167621613
1.81,0.06276,0.0,0.07861167192459106
1.82,0.07496,0.0,0.08681471645832062
1.83,0.08861,0.0,0.09625203907489777
1.84,0.10374,0.0,0.10649912804365158
1.85,0.12041,0.0,0.11760621517896652
1.86,0.13865,0.0,0.13024625182151794
1.87,0.15849,0.0,0.14544346928596497
1.88,0.17557,0.0,0.16343560814857483
1.89,0.19834,0.0,0.18371766805648804
1.9,0.22274,0.0,0.2051669955253601
1.91,0.24878,0.0,0.22668364644050598
1.92,0.28211,0.0,0.2474910318851471
1.93,0.31168,0.0,0.2683136463165283
1.94,0.34283,0.0,0.28944674134254456
1.95,0.3755,0.0,0.3155110776424408
1.96,0.40966,0.0,0.3474826216697693
1.97,0.44526,0.0,0.38439297676086426
1.98,0.48223,0.0,0.425068199634552
1.99,0.52052,0.0,0.4736889898777008
2.0,0.56005,0.0,0.5294219255447388
2.01,0.5926,0.0,0.5901538729667664
2.02,0.64255,0.0,0.6534773111343384
2.03,0.67681,0.0,0.7156622409820557
2.04,0.72912,0.0,0.7734926342964172
2.05,0.77373,0.0,0.8272226452827454
2.06,0.8191,0.0,0.8769004940986633
2.07,0.86518,0.0,0.9235774278640747
2.08,0.91185,0.0,0.967778742313385
2.09,0.95907,0.0,1.010312795639038
2.1,1.00675,0.0,1.052751064300537
2.11,1.05482,0.0,1.0960577726364136
2.12,1.10319,0.0,1.1411292552947998
2.13,1.15183,0.0,1.1875468492507935
2.14,1.20066,0.0,1.234898567199707
2.15,1.24964,0.0,1.2829487323760986
2.16,1.29871,0.0,1.3312439918518066
2.17,1.34785,0.0,1.379568338394165
2.18,1.39701,0.0,1.4279924631118774
2.19,1.44616,0.0,1.4761950969696045
2.2,1.49528,0.0,1.5249228477478027
2.21,1.54435,0.0,1.57406485080719
2.22,1.59336,0.0,1.6241099834442139
2.23,1.64231,0.0,1.6750205755233765
2.24,1.6912,0.0,1.7270033359527588
2.25,1.74002,0.0,1.7790733575820923
2.26,1.77913,0.0,1.8306465148925781
2.27,1.83751,0.0,1.8814878463745117
2.28,1.87659,0.0,1.9321026802062988
2.29,1.93492,0.0,1.9828848838806152
2.3,1.974,0.0,2.0335676670074463
2.31,2.0324,0.0,2.083437442779541
2.32,2.08122,0.0,2.132415294647217
2.33,2.13014,0.0,2.1803183555603027
2.34,2.17916,0.0,2.227677583694458
2.35,2.22833,0.0,2.274632692337036
2.36,2.27766,0.0,2.321711301803589
2.37,2.32721,0.0,2.369478225708008
2.38,2.37688,0.0,2.418628215789795
2.39,2.42683,0.0,2.4691271781921387
2.4,2.47699,0.0,2.521544933319092
2.41,2.52741,0.0,2.57607102394104
2.42,2.57809,0.0,2.6331593990325928
2.43,2.62903,0.0,2.69223690032959
2.44,2.68023,0.0,2.752607822418213
2.45,2.73168,0.0,2.8127121925354004
2.46,2.7834,0.0,2.871464729309082
2.47,2.83535,0.0,2.92954421043396
2.48,2.88753,0.0,2.987210750579834
2.49,2.93993,0.0,3.0437097549438477
2.5,2.99251,0.0,3.0989322662353516
2.51,3.03481,0.0,3.152966022491455
2.52,3.09817,0.0,3.205491781234741
2.53,3.14068,0.0,3.256504774093628
2.54,3.20429,0.0,3.30608868598938
2.55,3.24692,0.0,3.3545331954956055
2.56,3.31064,0.0,3.402306079864502
2.57,3.36381,0.0,3.450120687484741
2.58,3.41695,0.0,3.4983909130096436
2.59,3.47002,0.0,3.547100067138672
2.6,3.52299,0.0,3.5965168476104736
2.61,3.57584,0.0,3.6465845108032227
2.62,3.62853,0.0,3.6970608234405518
2.63,3.68104,0.0,3.747563362121582
2.64,3.73335,0.0,3.797848701477051
2.65,3.78544,0.0,3.8473682403564453
2.66,3.8373,0.0,3.8960764408111572
2.67,3.88892,0.0,3.9441840648651123
2.68,3.94029,0.0,3.9919323921203613
2.69,3.99139,0.0,4.039961338043213
2.7,4.04224,0.0,4.088008880615234
2.71,4.09283,0.0,4.136318683624268
2.72,4.14318,0.0,4.184769630432129
2.73,4.1933,0.0,4.233363151550293
2.74,4.24319,0.0,4.282413005828857
2.75,4.29288,0.0,4.331418037414551
2.76,4.33259,0.0,4.380527019500732
2.77,4.39172,0.0,4.42987585067749
2.78,4.43118,0.0,4.479856014251709
2.79,4.49001,0.0,4.53023624420166
2.8,4.52933,0.0,4.580775260925293
2.81,4.58796,0.0,4.631710052490234
2.82,4.63689,0.0,4.682939529418945
2.83,4.68581,0.0,4.734013557434082
2.84,4.73477,0.0,4.784914970397949
2.85,4.7838,0.0,4.835469722747803
2.86,4.8329,0.0,4.885624408721924
2.87,4.88213,0.0,4.935328960418701
2.88,4.93148,0.0,4.984744071960449
2.89,4.98099,0.0,5.034285545349121
2.9,5.03069,0.0,5.083994388580322
2.91,5.08053,0.0,5.133925437927246
2.92,5.1306,0.0,5.183936595916748
2.93,5.18087,0.0,5.233972549438477
2.94,5.23135,0.0,5.284387588500977
2.95,5.28205,0.0,5.3355183601379395
2.96,5.33296,0.0,5.387149810791016
2.97,5.38408,0.0,5.439162254333496
2.98,5.43539,0.0,5.491466522216797
2.99,5.48689,0.0,5.5436201095581055
3.0,5.53858,0.0,5.595634460449219
3.01,5.58013,0.0,5.647460460662842
3.02,5.64236,0.0,5.69920015335083
3.03,5.68413,0.0,5.750983715057373
3.04,5.74662,0.0,5.802871227264404
3.05,5.78852,0.0,5.854575157165527
3.06,5.85116,0.0,5.905752182006836
3.07,5.89312,0.0,5.956714153289795
3.08,5.95578,0.0,6.007314682006836
3.09,6.00806,0.0,6.056888103485107
3.1,6.06027,0.0,6.1055402755737305
3.11,6.11242,0.0,6.154425621032715
3.12,6.16446,0.0,6.203526020050049
3.13,6.21639,0.0,6.2525129318237305
3.14,6.26818,0.0,6.30046272277832
3.15,6.31982,0.0,6.347641468048096
3.16,6.37129,0.0,6.3953094482421875
3.17,6.42259,0.0,6.44429874420166
3.18,6.47371,0.0,6.494372367858887
3.19,6.52464,0.0,6.545284271240234
3.2,6.5754,0.0,6.59692907333374
3.21,6.62596,0.0,6.649845600128174
3.22,6.67635,0.0,6.703760147094727
3.23,6.72658,0.0,6.757434844970703
3.24,6.77666,0.0,6.810693740844727
3.25,6.82661,0.0,6.864238262176514
3.26,6.86658,0.0,6.9183349609375
3.27,6.92616,0.0,6.972437858581543
3.28,6.96599,0.0,7.027111053466797
3.29,7.02543,0.0,7.081704139709473
3.3,7.06522,0.0,7.135998725891113
3.31,7.12463,0.0,7.1897687911987305
3.32,7.16444,0.0,7.243575572967529
3.33,7.22398,0.0,7.297909736633301
3.34,7.27379,0.0,7.352341175079346
3.35,7.32374,0.0,7.406717777252197
3.36,7.37383,0.0,7.461068153381348
3.37,7.42425,0.0,7.515780925750732
3.38,7.47461,0.0,7.570615291595459
3.39,7.52535,0.0,7.624966621398926
3.4,7.57633,0.0,7.678664207458496
3.41,7.62762,0.0,7.731783866882324
3.42,7.67917,0.0,7.7844929695129395
3.43,7.73104,0.0,7.837054252624512
3.44,7.78324,0.0,7.889560699462891
3.45,7.83576,0.0,7.941559314727783
3.46,7.88861,0.0,7.9930830001831055
3.47,7.94179,0.0,8.04566764831543
3.48,7.99529,0.0,8.098617553710938
3.49,8.0491,0.0,8.151388168334961
3.5,8.1032,0.0,8.204090118408203
3.51,8.14681,0.0,8.256882667541504
3.52,8.21225,0.0,8.309225082397461
3.53,8.25625,0.0,8.36124324798584
3.54,8.32224,0.0,8.413280487060547
3.55,8.36655,0.0,8.465300559997559
3.56,8.43293,0.0,8.517245292663574
3.57,8.47745,0.0,8.569697380065918
3.58,8.54404,0.0,8.622241973876953
3.59,8.59965,0.0,8.675044059753418
3.6,8.65525,0.0,8.728191375732422
3.61,8.71078,0.0,8.781729698181152
3.62,8.76621,0.0,8.834795951843262
3.63,8.82149,0.0,8.887162208557129
3.64,8.87657,0.0,8.939201354980469
3.65,8.93141,0.0,8.990992546081543
3.66,8.98596,0.0,9.043275833129883
3.67,9.04018,0.0,9.095654487609863
3.68,9.09403,0.0,9.147653579711914
3.69,9.14748,0.0,9.199767112731934
3.7,9.20047,0.0,9.252543449401855
3.71,9.25298,0.0,9.30518627166748
3.72,9.30498,0.0,9.358234405517578
3.73,9.35643,0.0,9.410258293151855
3.74,9.40731,0.0,9.461040496826172
3.75,9.4576,0.0,9.511560440063477
3.76,9.49747,0.0,9.56166934967041
3.77,9.55632,0.0,9.610539436340332
3.78,9.59518,0.0,9.658823013305664
3.79,9.65248,0.0,9.707343101501465
3.8,9.69032,0.0,9.755925178527832
3.81,9.74603,0.0,9.804558753967285
3.82,9.78279,0.0,9.853314399719238
3.83,9.83695,0.0,9.900821685791016
3.84,9.88145,0.0,9.947516441345215
3.85,9.9253,0.0,9.993124008178711
3.86,9.96853,0.0,10.037256240844727
3.87,10.01116,0.0,10.080729484558105
3.88,10.05319,0.0,10.12472152709961
3.89,10.09465,0.0,10.168829917907715
3.9,10.13556,0.0,10.211770057678223
3.91,10.17593,0.0,10.253052711486816
3.92,10.21579,0.0,10.292518615722656
3.93,10.25513,0.0,10.330595016479492
3.94,10.29402,0.0,10.367218971252441
3.95,10.33243,0.0,10.402922630310059
3.96,10.37041,0.0,10.437726974487305
3.97,10.40796,0.0,10.47203540802002
3.98,10.44509,0.0,10.506864547729492
3.99,10.48183,0.0,10.542740821838379
4.0,10.51818,0.0,10.579188346862793
4.01,10.55414,0.0,10.614830017089844
4.02,10.5827,0.0,10.6494722366333
4.03,10.61798,0.0,10.68323802947998
4.04,10.65974,0.0,10.71605396270752
4.05,10.69418,0.0,10.748494148254395
4.06,10.72151,0.0,10.781359672546387
4.07,10.75523,0.0,10.814109802246094
4.08,10.79508,0.0,10.8464994430542
4.09,10.82787,0.0,10.878843307495117
4.1,10.8602,0.0,10.910228729248047
4.11,10.89206,0.0,10.940268516540527
4.12,10.92343,0.0,10.96877670288086
4.13,10.95427,0.0,10.996172904968262
4.14,10.98457,0.0,11.022377014160156
4.15,11.01429,0.0,11.048340797424316
4.16,11.04342,0.0,11.073430061340332
4.17,11.07191,0.0,11.098457336425781
4.18,11.09977,0.0,11.124197959899902
4.19,11.12694,0.0,11.150043487548828
4.2,11.15342,0.0,11.175415992736816
4.21,11.17918,0.0,11.20083999633789
4.22,11.2042,0.0,11.226324081420898
4.23,11.22848,0.0,11.251851081848145
4.24,11.25198,0.0,11.276737213134766
4.25,11.27472,0.0,11.301121711730957
4.26,11.29669,0.0,11.324414253234863
4.27,11.31374,0.0,11.346501350402832
4.28,11.33831,0.0,11.366805076599121
4.29,11.35799,0.0,11.38471794128418
4.3,11.37692,0.0,11.400816917419434
4.31,11.39158,0.0,11.414924621582031
4.32,11.41266,0.0,11.427592277526855
4.33,11.42953,0.0,11.438478469848633
4.34,11.44576,0.0,11.44868278503418
4.35,11.45836,0.0,11.457831382751465
4.36,11.47652,0.0,11.465814590454102
4.37,11.49117,0.0,11.47392463684082
4.38,11.50531,0.0,11.482160568237305
4.39,11.51909,0.0,11.49120044708252
4.4,11.53255,0.0,11.501840591430664
4.41,11.54573,0.0,11.513747215270996
4.42,11.55869,0.0,11.52630615234375
4.43,11.5715,0.0,11.539365768432617
4.44,11.58421,0.0,11.553336143493652
4.45,11.5969,0.0,11.568755149841309
4.46,11.6096,0.0,11.586322784423828
4.47,11.62239,0.0,11.60614013671875
4.48,11.63531,0.0,11.627701759338379
4.49,11.64842,0.0,11.651338577270508
4.5,11.66175,0.0,11.675728797912598
4.51,11.67537,0.0,11.700542449951172
4.52,11.68651,0.0,11.725067138671875
4.53,11.70358,0.0,11.748888969421387
4.54,11.71824,0.0,11.771400451660156
4.55,11.7333,0.0,11.79241943359375
4.56,11.74568,0.0,11.812315940856934
4.57,11.7647,0.0,11.831329345703125
4.58,11.78107,0.0,11.849494934082031
4.59,11.79788,0.0,11.867666244506836
4.6,11.81169,0.0,11.88565444946289
4.61,11.83285,0.0,11.9037504196167
4.62,11.85098,0.0,11.921707153320312
4.63,11.86953,0.0,11.939631462097168
4.64,11.88847,0.0,11.957873344421387
4.65,11.90779,0.0,11.976593971252441
4.66,11.92746,0.0,11.996148109436035
4.67,11.94745,0.0,12.016406059265137
4.68,11.96773,0.0,12.0369291305542
4.69,11.98827,0.0,12.05782699584961
4.7,12.00907,0.0,12.079477310180664
4.71,12.03003,0.0,12.101554870605469
4.72,12.05118,0.0,12.122984886169434
4.73,12.07247,0.0,12.14457893371582
4.74,12.09387,0.0,12.166022300720215
4.75,12.11535,0.0,12.1873140335083
4.76,12.13688,0.0,12.207478523254395
4.77,12.15417,0.0,12.226722717285156
4.78,12.18002,0.0,12.245903015136719
4.79,12.20158,0.0,12.265060424804688
4.8,12.22312,0.0,12.284423828125
4.81,12.24035,0.0,12.30374526977539
4.82,12.26604,0.0,12.323366165161133
4.83,12.28741,0.0,12.343749046325684
4.84,12.30871,0.0,12.365068435668945
4.85,12.32573,0.0,12.386813163757324
4.86,12.35108,0.0,12.408795356750488
4.87,12.37214,0.0,12.430571556091309
4.88,12.39313,0.0,12.452123641967773
4.89,12.41404,0.0,12.47356128692627
4.9,12.43489,0.0,12.495050430297852
4.91,12.45565,0.0,12.516510009765625
4.92,12.47636,0.0,12.537415504455566
4.93,12.497,0.0,12.557990074157715
4.94,12.51758,0.0,12.577741622924805
4.95,12.5381,0.0,12.596711158752441
4.96,12.55856,0.0,12.615574836730957
4.97,12.57896,0.0,12.633598327636719
4.98,12.59931,0.0,12.651707649230957
4.99,12.61957,0.0,12.67035961151123
5.0,12.63976,0.0,12.689446449279785
5.01,12.65986,0.0,12.709561347961426
5.02,12.67591,0.0,12.72995376586914
5.03,12.69974,0.0,12.751440048217773
5.04,12.71947,0.0,12.773630142211914
5.05,12.73905,0.0,12.795594215393066
5.06,12.75461,0.0,12.81727123260498
5.07,12.77762,0.0,12.83873462677002
5.08,12.79656,0.0,12.859999656677246
5.09,12.81522,0.0,12.880659103393555
5.1,12.82996,0.0,12.899921417236328
5.11,12.85159,0.0,12.918268203735352
5.12,12.86923,0.0,12.936258316040039
5.13,12.88646,0.0,12.954238891601562
5.14,12.90324,0.0,12.971263885498047
5.15,12.91953,0.0,12.986452102661133
5.16,12.93532,0.0,12.99974536895752
5.17,12.95054,0.0,13.010762214660645
5.18,12.96519,0.0,13.020182609558105
5.19,12.97923,0.0,13.028977394104004
5.2,12.99263,0.0,13.037169456481934
5.21,13.00536,0.0,13.044937133789062
5.22,13.01742,0.0,13.052116394042969
5.23,13.02878,0.0,13.058026313781738
5.24,13.03943,0.0,13.063668251037598
5.25,13.04937,0.0,13.068310737609863
5.26,13.05858,0.0,13.071969985961914
5.27,13.06544,0.0,13.074603080749512
5.28,13.07484,0.0,13.076699256896973
5.29,13.08191,0.0,13.07852554321289
5.3,13.08828,0.0,13.080084800720215
5.31,13.0929,0.0,13.082952499389648
5.32,13.09902,0.0,13.086645126342773
5.33,13.10344,0.0,13.090605735778809
5.34,13.10726,0.0,13.093732833862305
5.35,13.10991,0.0,13.09630012512207
5.36,13.11324,0.0,13.098861694335938
5.37,13.11548,0.0,13.101162910461426
5.38,13.11724,0.0,13.103836059570312
5.39,13.11861,0.0,13.107020378112793
5.4,13.1196,0.0,13.110746383666992
5.41,13.12027,0.0,13.11341381072998
5.42,13.12065,0.0,13.115877151489258
5.43,13.12079,0.0,13.118000030517578
5.44,13.12073,0.0,13.119884490966797
5.45,13.12051,0.0,13.121339797973633
5.46,13.12016,0.0,13.122817039489746
5.47,13.11973,0.0,13.124207496643066
5.48,13.11925,0.0,13.125252723693848
5.49,13.11875,0.0,13.126363754272461
5.5,13.11826,0.0,13.127803802490234
5.51,13.1178,0.0,13.129019737243652
5.52,13.11747,0.0,13.129831314086914
5.53,13.11706,0.0,13.13107967376709
5.54,13.11681,0.0,13.133756637573242
5.55,13.11666,0.0,13.13709545135498
5.56,13.11662,0.0,13.140074729919434
5.57,13.11667,0.0,13.143365859985352
5.58,13.11684,0.0,13.14716625213623
5.59,13.1171,0.0,13.150753021240234
5.6,13.11738,0.0,13.153855323791504
5.61,13.11789,0.0,13.15700912475586
5.62,13.11839,0.0,13.160727500915527
5.63,13.11895,0.0,13.163607597351074
5.64,13.11954,0.0,13.166359901428223
5.65,13.12013,0.0,13.168871879577637
5.66,13.12071,0.0,13.170647621154785
5.67,13.12126,0.0,13.171343803405762
5.68,13.12174,0.0,13.171629905700684
5.69,13.12213,0.0,13.172224998474121
5.7,13.12241,0.0,13.172503471374512
5.71,13.12254,0.0,13.172530174255371
5.72,13.1225,0.0,13.17279052734375
5.73,13.12226,0.0,13.173020362854004
5.74,13.12181,0.0,13.173393249511719
5.75,13.1211,0.0,13.173319816589355
5.76,13.12012,0.0,13.172835350036621
5.77,13.11913,0.0,13.172369956970215
5.78,13.11728,0.0,13.17154312133789
5.79,13.11538,0.0,13.169740676879883
5.8,13.11313,0.0,13.165689468383789
5.81,13.11108,0.0,13.160258293151855
5.82,13.10757,0.0,13.15221118927002
5.83,13.10423,0.0,13.141627311706543
5.84,13.10051,0.0,13.129681587219238
5.85,13.09726,0.0,13.118110656738281
5.86,13.09195,0.0,13.108813285827637
5.87,13.0871,0.0,13.101326942443848
5.88,13.08188,0.0,13.095797538757324
5.89,13.0763,0.0,13.092825889587402
5.9,13.07037,0.0,13.090218544006348
5.91,13.06411,0.0,13.087291717529297
5.92,13.05752,0.0,13.084089279174805
5.93,13.05062,0.0,13.080224990844727
5.94,13.04345,0.0,13.075722694396973
5.95,13.036,0.0,13.069663047790527
5.96,13.02832,0.0,13.063604354858398
5.97,13.02042,0.0,13.057193756103516
5.98,13.01233,0.0,13.049821853637695
5.99,13.00408,0.0,13.04150390625
6.0,12.99568,0.0,13.03311824798584
6.01,12.98717,0.0,13.024971008300781
6.02,12.9803,0.0,13.016721725463867
6.03,12.96994,0.0,13.009322166442871
6.04,12.96127,0.0,13.003068923950195
6.05,12.9526,0.0,12.997401237487793
6.06,12.94567,0.0,12.99185562133789
6.07,12.93537,0.0,12.9862699508667
6.08,12.92686,0.0,12.980932235717773
6.09,12.91846,0.0,12.975448608398438
6.1,12.91182,0.0,12.970226287841797
6.11,12.90206,0.0,12.965828895568848
6.12,12.89411,0.0,12.961382865905762
6.13,12.88636,0.0,12.95637035369873
6.14,12.88029,0.0,12.951288223266602
6.15,12.87149,0.0,12.945868492126465
6.16,12.86441,0.0,12.94006633758545
6.17,12.85758,0.0,12.933347702026367
6.18,12.85101,0.0,12.925930976867676
6.19,12.84472,0.0,12.918662071228027
6.2,12.83871,0.0,12.911140441894531
6.21,12.83298,0.0,12.903669357299805
6.22,12.82753,0.0,12.896773338317871
6.23,12.82238,0.0,12.890674591064453
6.24,12.8175,0.0,12.885764122009277
6.25,12.81291,0.0,12.881946563720703
6.26,12.8086,0.0,12.878623962402344
6.27,12.80533,0.0,12.874885559082031
6.28,12.80076,0.0,12.870745658874512
6.29,12.79722,0.0,12.86704158782959
6.3,12.79392,0.0,12.863183975219727
6.31,12.79144,0.0,12.859140396118164
6.32,12.78797,0.0,12.855034828186035
6.33,12.7853,0.0,12.850946426391602
6.34,12.7828,0.0,12.84685230255127
6.35,12.7809,0.0,12.841531753540039
6.36,12.77824,0.0,12.836137771606445
6.37,12.77615,0.0,12.830056190490723
6.38,12.77416,0.0,12.824231147766113
6.39,12.77263,0.0,12.818565368652344
6.4,12.7704,0.0,12.813240051269531
6.41,12.76859,0.0,12.808396339416504
6.42,12.76679,0.0,12.8038969039917
6.43,12.765,0.0,12.799391746520996
6.44,12.76318,0.0,12.795711517333984
6.45,12.76133,0.0,12.792710304260254
6.46,12.75943,0.0,12.789639472961426
6.47,12.75745,0.0,12.786992073059082
6.48,12.7554,0.0,12.784825325012207
6.49,12.75324,0.0,12.782438278198242
6.5,12.75098,0.0,12.779266357421875
6.51,12.7486,0.0,12.775164604187012
6.52,12.7466,0.0,12.770713806152344
6.53,12.74345,0.0,12.765791893005371
6.54,12.74067,0.0,12.76025390625
6.55,12.73774,0.0,12.7545747756958
6.56,12.73529,0.0,12.749349594116211
6.57,12.73145,0.0,12.744297981262207
6.58,12.72809,0.0,12.740079879760742
6.59,12.72459,0.0,12.737223625183105
6.6,12.72168,0.0,12.735176086425781
6.61,12.71717,0.0,12.733306884765625
6.62,12.71328,0.0,12.73140811920166
6.63,12.70926,0.0,12.72939682006836
6.64,12.70597,0.0,12.726920127868652
6.65,12.70092,0.0,12.724186897277832
6.66,12.69662,0.0,12.72153377532959
6.67,12.69223,0.0,12.718842506408691
6.68,12.68779,0.0,12.715498924255371
6.69,12.68329,0.0,12.71191120147705
6.7,12.67874,0.0,12.708270072937012
6.71,12.67417,0.0,12.704046249389648
6.72,12.66958,0.0,12.700091361999512
6.73,12.66498,0.0,12.6965913772583
6.74,12.66037,0.0,12.693258285522461
6.75,12.65578,0.0,12.69007396697998
6.76,12.65121,0.0,12.68675708770752
6.77,12.64757,0.0,12.683985710144043
6.78,12.64215,0.0,12.682007789611816
6.79,12.63767,0.0,12.679854393005371
6.8,12.63324,0.0,12.678062438964844
6.81,12.62972,0.0,12.676236152648926
6.82,12.6245,0.0,12.674009323120117
6.83,12.62021,0.0,12.671480178833008
6.84,12.61596,0.0,12.668213844299316
6.85,12.61258,0.0,12.664604187011719
6.86,12.60759,0.0,12.660093307495117
6.87,12.60346,0.0,12.65506649017334
6.88,12.59937,0.0,12.650188446044922
6.89,12.59612,0.0,12.645476341247559
6.9,12.59128,0.0,12.640813827514648
6.91,12.58726,0.0,12.635315895080566
6.92,12.58325,0.0,12.630500793457031
6.93,12.57925,0.0,12.625160217285156
6.94,12.57525,0.0,12.620061874389648
6.95,12.57124,0.0,12.616002082824707
6.96,12.56721,0.0,12.611800193786621
6.97,12.56316,0.0,12.60814380645752
6.98,12.55908,0.0,12.604277610778809
6.99,12.55497,0.0,12.600706100463867
7.0,12.55082,0.0,12.59765911102295
7.01,12.54663,0.0,12.594317436218262
7.02,12.54324,0.0,12.59110164642334
7.03,12.53811,0.0,12.58777904510498
7.04,12.53377,0.0,12.584078788757324
7.05,12.52939,0.0,12.579578399658203
7.06,12.52583,0.0,12.574517250061035
7.07,12.52046,0.0,12.56900691986084
7.08,12.51593,0.0,12.562987327575684
7.09,12.51134,0.0,12.556442260742188
7.1,12.50764,0.0,12.55035400390625
7.11,12.50207,0.0,12.544660568237305
7.12,12.49738,0.0,12.539386749267578
7.13,12.49266,0.0,12.533821105957031
7.14,12.48888,0.0,12.528190612792969
7.15,12.4832,0.0,12.523310661315918
7.16,12.47846,0.0,12.518538475036621
7.17,12.47373,0.0,12.514920234680176
7.18,12.46902,0.0,12.512314796447754
7.19,12.46434,0.0,12.509824752807617
7.2,12.4597,0.0,12.50773811340332
7.21,12.45511,0.0,12.504901885986328
7.22,12.45059,0.0,12.501580238342285
7.23,12.44614,0.0,12.49734115600586
7.24,12.44178,0.0,12.492794036865234
7.25,12.43751,0.0,12.488673210144043
7.26,12.43336,0.0,12.48391342163086
7.27,12.43012,0.0,12.47920036315918
7.28,12.42544,0.0,12.474752426147461
7.29,12.4217,0.0,12.471036911010742
7.3,12.41812,0.0,12.468207359313965
7.31,12.41537,0.0,12.466200828552246
7.32,12.41149,0.0,12.465046882629395
7.33,12.40846,0.0,12.463980674743652
7.34,12.40565,0.0,12.463356018066406
7.35,12.40355,0.0,12.462493896484375
7.36,12.4007,0.0,12.461313247680664
7.37,12.39858,0.0,12.459643363952637
7.38,12.39673,0.0,12.458512306213379
7.39,12.39543,0.0,12.457242012023926
7.4,12.39383,0.0,12.45497989654541
7.41,12.39281,0.0,12.453007698059082
7.42,12.39209,0.0,12.450841903686523
7.43,12.39169,0.0,12.449026107788086
7.44,12.39161,0.0,12.44748592376709
7.45,12.39185,0.0,12.445913314819336
7.46,12.39244,0.0,12.44504451751709
7.47,12.39338,0.0,12.444829940795898
7.48,12.39467,0.0,12.445117950439453
7.49,12.39633,0.0,12.445432662963867
7.5,12.39835,0.0,12.446856498718262
7.51,12.40075,0.0,12.449495315551758
7.52,12.40295,0.0,12.45239543914795
7.53,12.40669,0.0,12.455974578857422
7.54,12.41024,0.0,12.460719108581543
7.55,12.41416,0.0,12.467643737792969
7.56,12.41758,0.0,12.475939750671387
7.57,12.42314,0.0,12.483985900878906
7.58,12.42819,0.0,12.49216079711914
7.59,12.43359,0.0,12.499815940856934
7.6,12.43817,0.0,12.506749153137207
7.61,12.44542,0.0,12.513612747192383
7.62,12.45182,0.0,12.519850730895996
7.63,12.45852,0.0,12.525445938110352
7.64,12.46409,0.0,12.530936241149902
7.65,12.47272,0.0,12.537301063537598
7.66,12.48017,0.0,12.544880867004395
7.67,12.48782,0.0,12.553905487060547
7.68,12.49563,0.0,12.563705444335938
7.69,12.50356,0.0,12.57397174835205
7.7,12.51159,0.0,12.584061622619629
7.71,12.51967,0.0,12.593341827392578
7.72,12.52776,0.0,12.602005958557129
7.73,12.53582,0.0,12.609779357910156
7.74,12.54381,0.0,12.617918014526367
7.75,12.55168,0.0,12.625946998596191
7.76,12.5594,0.0,12.6337308883667
7.77,12.56544,0.0,12.640604972839355
7.78,12.57419,0.0,12.647010803222656
7.79,12.58117,0.0,12.653280258178711
7.8,12.58783,0.0,12.659138679504395
7.81,12.5929,0.0,12.665241241455078
7.82,12.60001,0.0,12.671009063720703
7.83,12.60545,0.0,12.675938606262207
7.84,12.61044,0.0,12.679723739624023
7.85,12.61407,0.0,12.682548522949219
7.86,12.61889,0.0,12.684847831726074
7.87,12.62231,0.0,12.686152458190918
7.88,12.62518,0.0,12.68645191192627
7.89,12.62706,0.0,12.6860990524292
7.9,12.62919,0.0,12.68628215789795
7.91,12.63033,0.0,12.687291145324707
7.92,12.63089,0.0,12.687910079956055
7.93,12.63092,0.0,12.687783241271973
7.94,12.63029,0.0,12.686397552490234
7.95,12.62915,0.0,12.683981895446777
7.96,12.62749,0.0,12.68021297454834
7.97,12.62531,0.0,12.675093650817871
7.98,12.62265,0.0,12.66964054107666
7.99,12.61953,0.0,12.664132118225098
8.0,12.61599,0.0,12.658814430236816
8.01,12.61205,0.0,12.653180122375488
8.02,12.60776,0.0,12.648087501525879
8.03,12.60315,0.0,12.64370059967041
8.04,12.59926,0.0,12.639290809631348
8.05,12.59418,0.0,12.634907722473145
8.06,12.58889,0.0,12.63039493560791
8.07,12.58234,0.0,12.626380920410156
8.08,12.57675,0.0,12.62231159210205
8.09,12.57104,0.0,12.618449211120605
8.1,12.56535,0.0,12.614821434020996
8.11,12.55963,0.0,12.610873222351074
8.12,12.55506,0.0,12.606649398803711
8.13,12.54941,0.0,12.601899147033691
8.14,12.54383,0.0,12.596894264221191
8.15,12.53729,0.0,12.591512680053711
8.16,12.53198,0.0,12.585474014282227
8.17,12.52682,0.0,12.579038619995117
8.18,12.52182,0.0,12.573131561279297
8.19,12.517,0.0,12.567715644836426
8.2,12.51236,0.0,12.562492370605469
8.21,12.50791,0.0,12.557833671569824
8.22,12.50363,0.0,12.553868293762207
8.23,12.49954,0.0,12.550865173339844
8.24,12.49563,0.0,12.547739028930664
8.25,12.49187,0.0,12.54477310180664
8.26,12.48827,0.0,12.541085243225098
8.27,12.48479,0.0,12.536792755126953
8.28,12.48144,0.0,12.533090591430664
8.29,12.47881,0.0,12.52825927734375
8.3,12.47498,0.0,12.522563934326172
8.31,12.47184,0.0,12.51685905456543
8.32,12.46872,0.0,12.51172161102295
8.33,12.4656,0.0,12.506345748901367
8.34,12.46247,0.0,12.500511169433594
8.35,12.45928,0.0,12.494206428527832
8.36,12.45603,0.0,12.488011360168457
8.37,12.45335,0.0,12.481402397155762
8.38,12.44923,0.0,12.474732398986816
8.39,12.44564,0.0,12.468740463256836
8.4,12.44192,0.0,12.46316909790039
8.41,12.43804,0.0,12.457937240600586
8.42,12.43399,0.0,12.453351974487305
8.43,12.42976,0.0,12.449355125427246
8.44,12.42536,0.0,12.445240020751953
8.45,12.42078,0.0,12.441179275512695
8.46,12.41602,0.0,12.43697738647461
8.47,12.41108,0.0,12.432642936706543
8.48,12.40598,0.0,12.427925109863281
8.49,12.40073,0.0,12.423127174377441
8.5,12.39533,0.0,12.41810131072998
8.51,12.3898,0.0,12.412846565246582
8.52,12.38416,0.0,12.407191276550293
8.53,12.37843,0.0,12.402112007141113
8.54,12.37379,0.0,12.396767616271973
8.55,12.36679,0.0,12.391284942626953
8.56,12.36091,0.0,12.38624382019043
8.57,12.35504,0.0,12.38238525390625
8.58,12.34919,0.0,12.379660606384277
8.59,12.34339,0.0,12.377265930175781
8.6,12.33765,0.0,12.375070571899414
8.61,12.33201,0.0,12.372729301452637
8.62,12.32757,0.0,12.369680404663086
8.63,12.32108,0.0,12.366207122802734
8.64,12.31583,0.0,12.36221981048584
8.65,12.31074,0.0,12.358582496643066
8.66,12.30583,0.0,12.353926658630371
8.67,12.30111,0.0,12.348703384399414
8.68,12.29658,0.0,12.342304229736328
8.69,12.29225,0.0,12.33543872833252
8.7,12.28893,0.0,12.32841682434082
8.71,12.28421,0.0,12.320825576782227
8.72,12.28048,0.0,12.313404083251953
8.73,12.27695,0.0,12.305849075317383
8.74,12.2736,0.0,12.298904418945312
8.75,12.27042,0.0,12.29291820526123
8.76,12.2674,0.0,12.287208557128906
8.77,12.26452,0.0,12.282203674316406
8.78,12.26176,0.0,12.277706146240234
8.79,12.25963,0.0,12.273295402526855
8.8,12.25653,0.0,12.268807411193848
8.81,12.25402,0.0,12.263818740844727
8.82,12.25153,0.0,12.258938789367676
8.83,12.24906,0.0,12.253715515136719
8.84,12.24656,0.0,12.248135566711426
8.85,12.24402,0.0,12.242471694946289
8.86,12.24142,0.0,12.236610412597656
8.87,12.23926,0.0,12.230120658874512
8.88,12.2359,0.0,12.223621368408203
8.89,12.23294,0.0,12.217324256896973
8.9,12.22981,0.0,12.210810661315918
8.91,12.2265,0.0,12.20393180847168
8.92,12.22298,0.0,12.196816444396973
8.93,12.21924,0.0,12.19066047668457
8.94,12.21526,0.0,12.185013771057129
8.95,12.21189,0.0,12.179479598999023
8.96,12.20653,0.0,12.174768447875977
8.97,12.20175,0.0,12.17080020904541
8.98,12.19669,0.0,12.168008804321289
8.99,12.19135,0.0,12.16469955444336
9.0,12.18571,0.0,12.162023544311523
9.01,12.17978,0.0,12.158846855163574
9.02,12.17357,0.0,12.153423309326172
9.03,12.16707,0.0,12.146943092346191
9.04,12.16166,0.0,12.141822814941406
9.05,12.15324,0.0,12.136507987976074
9.06,12.14593,0.0,12.130959510803223
9.07,12.13838,0.0,12.125030517578125
9.08,12.13059,0.0,12.11977481842041
9.09,12.12259,0.0,12.115165710449219
9.1,12.11438,0.0,12.109781265258789
9.11,12.106,0.0,12.104730606079102
9.12,12.09917,0.0,12.100522994995117
9.13,12.08877,0.0,12.096116065979004
9.14,12.07996,0.0,12.093214988708496
9.15,12.07105,0.0,12.090646743774414
9.16,12.06206,0.0,12.087555885314941
9.17,12.05301,0.0,12.08449935913086
9.18,12.04392,0.0,12.081498146057129
9.19,12.03481,0.0,12.077644348144531
9.2,12.02752,0.0,12.071398735046387
9.21,12.01662,0.0,12.064509391784668
9.22,12.00756,0.0,12.056743621826172
9.23,11.99856,0.0,12.049787521362305
9.24,11.98963,0.0,12.04414176940918
9.25,11.98077,0.0,12.038268089294434
9.26,11.972,0.0,12.032221794128418
9.27,11.96333,0.0,12.026145935058594
9.28,11.95476,0.0,12.018325805664062
9.29,11.94797,0.0,12.009411811828613
9.3,11.93794,0.0,11.999719619750977
9.31,11.92969,0.0,11.991612434387207
9.32,11.92155,0.0,11.985201835632324
9.33,11.9135,0.0,11.979480743408203
9.34,11.90555,0.0,11.974224090576172
9.35,11.89769,0.0,11.96892261505127
9.36,11.88989,0.0,11.962535858154297
9.37,11.88369,0.0,11.953624725341797
9.38,11.87445,0.0,11.944355964660645
9.39,11.86677,0.0,11.935469627380371
9.4,11.85909,0.0,11.92690372467041
9.41,11.8514,0.0,11.91757869720459
9.42,11.84367,0.0,11.905526161193848
9.43,11.83587,0.0,11.89393138885498
9.44,11.82799,0.0,11.881440162658691
9.45,11.82159,0.0,11.868244171142578
9.46,11.81186,0.0,11.856461524963379
9.47,11.80356,0.0,11.844876289367676
9.48,11.79508,0.0,11.832053184509277
9.49,11.78638,0.0,11.819171905517578
9.5,11.77745,0.0,11.808262825012207
9.51,11.76827,0.0,11.798434257507324
9.52,11.75881,0.0,11.789234161376953
9.53,11.74904,0.0,11.780404090881348
9.54,11.741,0.0,11.77139663696289
9.55,11.72855,0.0,11.761491775512695
9.56,11.71779,0.0,11.750530242919922
9.57,11.70667,0.0,11.736801147460938
9.58,11.69518,0.0,11.72214412689209
9.59,11.68331,0.0,11.708639144897461
9.6,11.67106,0.0,11.694855690002441
9.61,11.65842,0.0,11.681072235107422
9.62,11.64802,0.0,11.665750503540039
9.63,11.63199,0.0,11.649477005004883
9.64,11.61821,0.0,11.63216781616211
9.65,11.60406,0.0,11.616044044494629
9.66,11.58954,0.0,11.601670265197754
9.67,11.57468,0.0,11.588821411132812
9.68,11.55948,0.0,11.576299667358398
9.69,11.54397,0.0,11.562337875366211
9.7,11.53132,0.0,11.546993255615234
9.71,11.51206,0.0,11.530220985412598
9.72,11.49571,0.0,11.513383865356445
9.73,11.47912,0.0,11.497220039367676
9.74,11.46231,0.0,11.482739448547363
9.75,11.44532,0.0,11.468672752380371
9.76,11.42817,0.0,11.454534530639648
9.77,11.41087,0.0,11.43980598449707
9.78,11.39346,0.0,11.423453330993652
9.79,11.37946,0.0,11.405793190002441
9.8,11.3584,0.0,11.387367248535156
9.81,11.34079,0.0,11.367281913757324
9.82,11.32316,0.0,11.344757080078125
9.83,11.30552,0.0,11.3240385055542
9.84,11.28791,0.0,11.304487228393555
9.85,11.27033,0.0,11.283401489257812
9.86,11.2528,0.0,11.263343811035156
9.87,11.2388,0.0,11.244606971740723
9.88,11.21794,0.0,11.22690486907959
9.89,11.20063,0.0,11.211882591247559
9.9,11.1834,0.0,11.194706916809082
9.91,11.16627,0.0,11.172865867614746
9.92,11.14922,0.0,11.152612686157227
9.93,11.13227,0.0,11.133460998535156
9.94,11.11539,0.0,11.112350463867188
9.95,11.10193,0.0,11.090664863586426
9.96,11.08186,0.0,11.068807601928711
9.97,11.06517,0.0,11.048686027526855
9.98,11.04852,0.0,11.030542373657227
9.99,11.03189,0.0,11.01193618774414
10.0,11.01526,0.0,10.992284774780273
10.01,10.9986,0.0,10.974076271057129
10.02,10.9819,0.0,10.955245018005371
10.03,10.96513,0.0,10.935032844543457
10.04,10.95163,0.0,10.912810325622559
10.05,10.93128,0.0,10.890251159667969
10.06,10.91414,0.0,10.869080543518066
10.07,10.89683,0.0,10.850266456604004
10.08,10.87933,0.0,10.832794189453125
10.09,10.8616,0.0,10.815051078796387
10.1,10.84361,0.0,10.795655250549316
10.11,10.82537,0.0,10.77488899230957
10.12,10.81054,0.0,10.752132415771484
10.13,10.78797,0.0,10.729307174682617
10.14,10.76879,0.0,10.707667350769043
10.15,10.74926,0.0,10.685798645019531
10.16,10.72937,0.0,10.661709785461426
10.17,10.70912,0.0,10.638107299804688
10.18,10.68849,0.0,10.61500358581543
10.19,10.66748,0.0,10.590554237365723
10.2,10.65037,0.0,10.56434154510498
10.21,10.62433,0.0,10.538187980651855
10.22,10.60218,0.0,10.511717796325684
10.23,10.57967,0.0,10.485272407531738
10.24,10.5568,0.0,10.459994316101074
10.25,10.53359,0.0,10.435456275939941
10.26,10.51005,0.0,10.414308547973633
10.27,10.48619,0.0,10.39284896850586
10.28,10.46204,0.0,10.367850303649902
10.29,10.4425,0.0,10.342020988464355
10.3,10.41294,0.0,10.31497859954834
10.31,10.38804,0.0,10.28848934173584
10.32,10.36292,0.0,10.264045715332031
10.33,10.33763,0.0,10.240802764892578
10.34,10.31218,0.0,10.218082427978516
10.35,10.28659,0.0,10.194279670715332
10.36,10.26089,0.0,10.168231010437012
10.37,10.24025,0.0,10.139790534973145
10.38,10.20924,0.0,10.109108924865723
10.39,10.18334,0.0,10.079645156860352
10.4,10.15739,0.0,10.050168991088867
10.41,10.13142,0.0,10.021769523620605
10.42,10.10547,0.0,9.995701789855957
10.43,10.07951,0.0,9.969624519348145
10.44,10.05357,0.0,9.940807342529297
10.45,10.0328,0.0,9.908894538879395
10.46,10.00174,0.0,9.878103256225586
10.47,9.97585,0.0,9.848729133605957
10.48,9.95,0.0,9.825385093688965
10.49,9.92416,0.0,9.803833961486816
10.5,9.89832,0.0,9.779826164245605
10.51,9.87251,0.0,9.756752967834473
10.52,9.84668,0.0,9.732954978942871
10.53,9.82083,0.0,9.70255184173584
10.54,9.80011,0.0,9.667204856872559
10.55,9.76903,0.0,9.632285118103027
10.56,9.74306,0.0,9.599824905395508
10.57,9.71701,0.0,9.571162223815918
10.58,9.69087,0.0,9.546768188476562
10.59,9.66463,0.0,9.522588729858398
10.6,9.63827,0.0,9.498780250549316
10.61,9.61179,0.0,9.476125717163086
10.62,9.59048,0.0,9.452656745910645
10.63,9.55839,0.0,9.427665710449219
10.64,9.53145,0.0,9.399833679199219
10.65,9.50434,0.0,9.3673677444458
10.66,9.47706,0.0,9.333348274230957
10.67,9.44959,0.0,9.296932220458984
10.68,9.42195,0.0,9.256656646728516
10.69,9.39413,0.0,9.218184471130371
10.7,9.37172,0.0,9.183134078979492
10.71,9.33796,0.0,9.15251636505127
10.72,9.30963,0.0,9.12426471710205
10.73,9.28115,0.0,9.096529006958008
10.74,9.25252,0.0,9.066492080688477
10.75,9.22377,0.0,9.031780242919922
10.76,9.19491,0.0,8.99743938446045
10.77,9.16595,0.0,8.967299461364746
10.78,9.13692,0.0,8.94123649597168
10.79,9.11363,0.0,8.917563438415527
10.8,9.07871,0.0,8.889966011047363
10.81,9.04958,0.0,8.859359741210938
10.82,9.02045,0.0,8.824929237365723
10.83,8.99137,0.0,8.790748596191406
10.84,8.96233,0.0,8.758757591247559
10.85,8.93338,0.0,8.728426933288574
10.86,8.90453,0.0,8.700623512268066
10.87,8.8815,0.0,8.674962997436523
10.88,8.84721,0.0,8.64929485321045
10.89,8.81879,0.0,8.625384330749512
10.9,8.79054,0.0,8.602211952209473
10.91,8.7625,0.0,8.57823657989502
10.92,8.73466,0.0,8.551423072814941
10.93,8.70706,0.0,8.525712013244629
10.94,8.67968,0.0,8.499800682067871
10.95,8.65794,0.0,8.474717140197754
10.96,8.62568,0.0,8.455120086669922
10.97,8.59906,0.0,8.435257911682129
10.98,8.5727,0.0,8.414751052856445
10.99,8.5466,0.0,8.394523620605469
11.0,8.52074,0.0,8.370810508728027
11.01,8.49516,0.0,8.346312522888184
11.02,8.4698,0.0,8.323246002197266
11.03,8.44469,0.0,8.298221588134766
11.04,8.42474,0.0,8.270926475524902
11.05,8.39513,0.0,8.244958877563477
11.06,8.37065,0.0,8.219717979431152
11.07,8.34635,0.0,8.196728706359863
11.08,8.32223,0.0,8.175520896911621
11.09,8.29823,0.0,8.152891159057617
11.1,8.27438,0.0,8.13060188293457
11.11,8.25065,0.0,8.108471870422363
11.12,8.23171,0.0,8.08481502532959
11.13,8.20343,0.0,8.061012268066406
11.14,8.17991,0.0,8.037370681762695
11.15,8.15642,0.0,8.013727188110352
11.16,8.13295,0.0,7.9903974533081055
11.17,8.10948,0.0,7.968084335327148
11.18,8.086,0.0,7.945594787597656
11.19,8.06247,0.0,7.92335844039917
11.2,8.04362,0.0,7.901370525360107
11.21,8.01532,0.0,7.879365921020508
11.22,7.99166,0.0,7.85896635055542
11.23,7.96793,0.0,7.838259696960449
11.24,7.94414,0.0,7.818502902984619
11.25,7.92028,0.0,7.79766845703125
11.26,7.89635,0.0,7.773648738861084
11.27,7.87237,0.0,7.749780178070068
11.28,7.84833,0.0,7.728361129760742
11.29,7.82905,0.0,7.706741809844971
11.3,7.80014,0.0,7.686581611633301
11.31,7.77601,0.0,7.665839672088623
11.32,7.75189,0.0,7.645351409912109
11.33,7.72779,0.0,7.625970840454102
11.34,7.70373,0.0,7.606757164001465
11.35,7.67973,0.0,7.587874412536621
11.36,7.65583,0.0,7.570241451263428
11.37,7.63678,0.0,7.552248477935791
11.38,7.60841,0.0,7.534611225128174
11.39,7.58494,0.0,7.5157790184021
11.4,7.56166,0.0,7.4998626708984375
11.41,7.53864,0.0,7.484584331512451
11.42,7.51585,0.0,7.466188430786133
11.43,7.49335,0.0,7.448436260223389
11.44,7.47117,0.0,7.430284023284912
11.45,7.45364,0.0,7.412299633026123
11.46,7.42782,0.0,7.398547172546387
11.47,7.40671,0.0,7.384127616882324
11.48,7.38601,0.0,7.369462966918945
11.49,7.36572,0.0,7.355315685272217
11.5,7.34587,0.0,7.33930778503418
11.51,7.32647,0.0,7.324384689331055
11.52,7.30753,0.0,7.310791969299316
11.53,7.28905,0.0,7.296236515045166
11.54,7.2746,0.0,7.279354095458984
11.55,7.25353,0.0,7.263361930847168
11.56,7.23648,0.0,7.247065544128418
11.57,7.21991,0.0,7.230685234069824
11.58,7.2038,0.0,7.213733673095703
11.59,7.18815,0.0,7.1969075202941895
11.6,7.17294,0.0,7.181757926940918
11.61,7.15817,0.0,7.165977954864502
11.62,7.14664,0.0,7.149008750915527
11.63,7.12985,0.0,7.1319146156311035
11.64,7.11628,0.0,7.114364147186279
11.65,7.10307,0.0,7.09882926940918
11.66,7.0902,0.0,7.084056377410889
11.67,7.07765,0.0,7.068861484527588
11.68,7.06541,0.0,7.055271148681641
11.69,7.05344,0.0,7.041031360626221
11.7,7.04404,0.0,7.024670600891113
11.71,7.03024,0.0,7.010463237762451
11.72,7.01899,0.0,6.996903419494629
11.73,7.00793,0.0,6.986067771911621
11.74,6.99706,0.0,6.978158473968506
11.75,6.98635,0.0,6.968662738800049
11.76,6.97579,0.00698,6.956115245819092
11.77,6.96537,0.02849,6.940805435180664
11.78,6.95509,0.04979,6.924718856811523
11.79,6.94694,0.06666,6.910088539123535
11.8,6.93488,0.09163,6.898151874542236
11.81,6.92495,0.11212,6.886463165283203
11.82,6.91513,0.1323,6.875375270843506
11.83,6.90543,0.15213,6.86674690246582
11.84,6.89583,0.17161,6.858752727508545
11.85,6.88636,0.19071,6.850583553314209
11.86,6.87702,0.20942,6.841622352600098
11.87,6.86963,0.2241,6.831836223602295
11.88,6.85873,0.24559,6.8220720291137695
11.89,6.8498,0.26301,6.811864376068115
11.9,6.84103,0.27999,6.801859378814697
11.91,6.83245,0.29648,6.791496753692627
11.92,6.82404,0.31249,6.781746864318848
11.93,6.81583,0.32799,6.773622989654541
11.94,6.80783,0.34298,6.7656474113464355
11.95,6.80159,0.3546,6.7572431564331055
11.96,6.79251,0.37134,6.7501702308654785
11.97,6.7852,0.38467,6.743852615356445
11.98,6.77816,0.39741,6.738558769226074
11.99,6.77138,0.40954,6.734097003936768
12.0,6.76488,0.42104,6.729008674621582
12.01,6.75867,0.43189,6.723533630371094
12.02,6.75274,0.44207,6.718362808227539
12.03,6.74821,0.44973,6.713687896728516
12.04,6.74283,0.45865,6.709507942199707
12.05,6.73678,0.46838,6.706087112426758
12.06,6.73208,0.47566,6.702243328094482
12.07,6.7277,0.48217,6.698158264160156
12.08,6.72362,0.48789,6.6947174072265625
12.09,6.71986,0.4928,6.692442417144775
12.1,6.7164,0.49689,6.69108247756958
12.11,6.71326,0.50015,6.690962314605713
12.12,6.71096,0.50215,6.691408157348633
12.13,6.70786,0.50413,6.689986705780029
12.14,6.7056,0.50485,6.687928199768066
12.15,6.70363,0.50471,6.686244964599609
12.16,6.70192,0.50373,6.685317039489746
12.17,6.70048,0.50191,6.685211181640625
12.18,6.69929,0.49927,6.684529781341553
12.19,6.69835,0.49581,6.683401107788086
12.2,6.69776,0.49247,6.681534767150879
12.21,6.69713,0.48655,6.678551197052002
12.22,6.69684,0.4808,6.675050258636475
12.23,6.69674,0.47433,6.672399520874023
12.24,6.69682,0.4672,6.671242713928223
12.25,6.69706,0.45942,6.670721530914307
12.26,6.69745,0.45105,6.671023368835449
12.27,6.69798,0.44212,6.6719207763671875
12.28,6.69849,0.43461,6.67301082611084
12.29,6.69922,0.4248,6.673316478729248
12.3,6.70023,0.41248,6.673004627227783
12.31,6.70115,0.4018,6.672518730163574
12.32,6.70213,0.39082,6.6728105545043945
12.33,6.70316,0.37956,6.6738104820251465
12.34,6.70422,0.3681,6.675314426422119
12.35,6.7053,0.35647,6.677043914794922
12.36,6.70639,0.34474,6.678552627563477
12.37,6.70726,0.33529,6.680012226104736
12.38,6.70854,0.3211,6.681552410125732
12.39,6.70958,0.30929,6.683594226837158
12.4,6.71058,0.29755,6.685821533203125
12.41,6.71153,0.28591,6.687795639038086
12.42,6.71242,0.2744,6.689492225646973
12.43,6.71325,0.26307,6.69122314453125
12.44,6.71401,0.25193,6.692824840545654
12.45,6.71456,0.24318,6.694350242614746
12.46,6.71529,0.23036,6.69580078125
12.47,6.71581,0.21997,6.697210311889648
12.48,6.71625,0.20986,6.698681354522705
12.49,6.71661,0.20005,6.6996750831604
12.5,6.71689,0.19055,6.700252056121826
12.51,6.71708,0.18136,6.700063228607178
12.52,6.71721,0.17249,6.699837684631348
12.53,6.71726,0.16561,6.699817657470703
12.54,6.71726,0.15731,6.700106143951416
12.55,6.71719,0.14777,6.700983047485352
12.56,6.71707,0.14015,6.701688766479492
12.57,6.71692,0.13284,6.702534198760986
12.58,6.71673,0.12581,6.703660011291504
12.59,6.71653,0.11906,6.704606533050537
12.6,6.71632,0.11258,6.705663681030273
12.61,6.7161,0.10636,6.707028388977051
12.62,6.71594,0.10154,6.708638668060303
12.63,6.71572,0.09461,6.710603713989258
12.64,6.71558,0.08907,6.7126383781433105
12.65,6.71547,0.08373,6.714469909667969
12.66,6.71542,0.07857,6.716579437255859
12.67,6.71542,0.07359,6.718766689300537
12.68,6.7155,0.06876,6.720860481262207
12.69,6.71565,0.06409,6.723114967346191
12.7,6.71583,0.06045,6.725154876708984
12.71,6.7162,0.05515,6.726426601409912
12.72,6.7166,0.05087,6.727474689483643
12.73,6.7171,0.0467,6.728379249572754
12.74,6.7177,0.04265,6.728891372680664
12.75,6.71839,0.03869,6.729337692260742
12.76,6.71916,0.03484,6.730191230773926
12.77,6.72003,0.03109,6.730865001678467
12.78,6.72079,0.02815,6.7309184074401855
12.79,6.72181,0.02458,6.730893135070801
12.8,6.72313,0.02043,6.731174468994141
12.81,6.7243,0.01708,6.731645107269287
12.82,6.72553,0.01385,6.73162317276001
12.83,6.72681,0.01073,6.73139762878418
12.84,6.72812,0.00772,6.73088264465332
12.85,6.72946,0.00485,6.729876518249512
12.86,6.73081,0.00211,6.728344440460205
12.87,6.73189,0.0,6.726452827453613
12.88,6.73349,0.0,6.724621772766113
12.89,6.7348,0.0,6.722508907318115
12.9,6.73606,0.0,6.719685077667236
12.91,6.73727,0.0,6.716845989227295
12.92,6.73842,0.0,6.714088439941406
12.93,6.73947,0.0,6.711894989013672
12.94,6.74043,0.0,6.710277080535889
12.95,6.74113,0.0,6.708797931671143
12.96,6.74202,0.0,6.706878662109375
12.97,6.74261,0.0,6.704418659210205
12.98,6.74307,0.0,6.7013258934021
12.99,6.74337,0.0,6.698415756225586
13.0,6.74352,0.0,6.6960248947143555
13.01,6.74349,0.0,6.693950176239014
13.02,6.74329,0.0,6.6922831535339355
13.03,6.74301,0.0,6.691110134124756
13.04,6.74249,0.0,6.690668106079102
13.05,6.74163,0.0,6.690522193908691
13.06,6.74071,0.0,6.690128326416016
13.07,6.73961,0.0,6.68950080871582
13.08,6.73834,0.0,6.68878698348999
13.09,6.73689,0.0,6.688015460968018
13.1,6.73528,0.0,6.686681747436523
13.11,6.73352,0.0,6.684473037719727
13.12,6.732,0.0,6.681861877441406
13.13,6.72955,0.0,6.678962707519531
13.14,6.72738,0.0,6.676158428192139
13.15,6.72508,0.0,6.673659801483154
13.16,6.72269,0.0,6.671352386474609
13.17,6.72022,0.0,6.66961145401001
13.18,6.71767,0.0,6.667788505554199
13.19,6.71506,0.0,6.66579008102417
13.2,6.71295,0.0,6.663642406463623
13.21,6.70974,0.0,6.660863876342773
13.22,6.70706,0.0,6.658071517944336
13.23,6.70438,0.0,6.656156063079834
13.24,6.70172,0.0,6.654923439025879
13.25,6.69909,0.0,6.653675556182861
13.26,6.6965,0.0,6.65203857421875
13.27,6.69397,0.0,6.650909423828125
13.28,6.69199,0.0,6.65043830871582
13.29,6.68958,0.0,6.649796009063721
13.3,6.68681,0.0,6.6485514640808105
13.31,6.68459,0.0,6.647084712982178
13.32,6.68247,0.0,6.64566707611084
13.33,6.68045,0.0,6.644030570983887
13.34,6.67853,0.0,6.6428961753845215
13.35,6.67671,0.0,6.642436504364014
13.36,6.675,0.0,6.641804218292236
13.37,6.6737,0.0,6.6403093338012695
13.38,6.67187,0.0,6.638686656951904
13.39,6.67044,0.0,6.637308120727539
13.4,6.6691,0.0,6.636065483093262
13.41,6.66784,0.0,6.634555816650391
13.42,6.66666,0.0,6.633108139038086
13.43,6.66553,0.0,6.6319169998168945
13.44,6.66446,0.0,6.63044548034668
13.45,6.66364,0.0,6.62867546081543
13.46,6.66246,0.0,6.627033233642578
13.47,6.6615,0.0,6.62587308883667
13.48,6.66056,0.0,6.624858856201172
13.49,6.65962,0.0,6.623579502105713
13.5,6.65869,0.0,6.622300148010254
13.51,6.65774,0.0,6.6207451820373535
13.52,6.65677,0.0,6.618376731872559
13.53,6.65598,0.0,6.6152448654174805
13.54,6.65497,0.0,6.612383842468262
13.55,6.65369,0.0,6.609982490539551
13.56,6.65259,0.0,6.607425689697266
13.57,6.65143,0.0,6.6049394607543945
13.58,6.65023,0.0,6.6029791831970215
13.59,6.64897,0.0,6.60190486907959
13.6,6.64765,0.0,6.601553916931152
13.61,6.64628,0.0,6.60145378112793
13.62,6.64515,0.0,6.601775169372559
13.63,6.64339,0.0,6.602029800415039
13.64,6.64186,0.0,6.601651191711426
13.65,6.64029,0.0,6.601125240325928
13.66,6.63867,0.0,6.600892543792725
13.67,6.63702,0.0,6.600636959075928
13.68,6.63533,0.0,6.6004180908203125
13.69,6.63362,0.0,6.600060939788818
13.7,6.63223,0.0,6.599844932556152
13.71,6.63012,0.0,6.600006103515625
13.72,6.62835,0.0,6.600100517272949
13.73,6.62658,0.0,6.600368022918701
13.74,6.62481,0.0,6.600400924682617
13.75,6.62305,0.0,6.59991455078125
13.76,6.6213,0.0,6.598922252655029
13.77,6.61957,0.0,6.597306251525879
13.78,6.6182,0.0,6.595951080322266
13.79,6.61652,0.0,6.5948486328125
13.8,6.61454,0.0,6.593192100524902
13.81,6.61294,0.0,6.591861248016357
13.82,6.61137,0.0,6.5910468101501465
13.83,6.60986,0.0,6.590144157409668
13.84,6.60839,0.0,6.5883917808532715
13.85,6.60697,0.0,6.586040496826172
13.86,6.6056,0.0,6.584341049194336
13.87,6.60455,0.0,6.58323335647583
13.88,6.60303,0.0,6.58160924911499
13.89,6.60183,0.0,6.579952239990234
13.9,6.60068,0.0,6.578899383544922
13.91,6.59959,0.0,6.5779008865356445
13.92,6.59856,0.0,6.576694965362549
13.93,6.59758,0.0,6.57560396194458
13.94,6.59666,0.0,6.575235366821289
13.95,6.59596,0.0,6.575673580169678
13.96,6.59497,0.0,6.576994895935059
13.97,6.5942,0.0,6.579060077667236
13.98,6.59348,0.0,6.581124305725098
13.99,6.59281,0.0,6.583130359649658
14.0,6.59219,0.0,6.58465051651001
14.01,6.59161,0.0,6.585666179656982
14.02,6.59107,0.0,6.585927486419678
14.03,6.59067,0.0,6.585779190063477
14.04,6.59021,0.0,6.584934234619141
14.05,6.5897,0.0,6.5830793380737305
14.06,6.58932,0.0,6.581110000610352
14.07,6.58897,0.0,6.579502582550049
14.08,6.58865,0.0,6.578307628631592
14.09,6.58837,0.0,6.577240467071533
14.1,6.58812,0.0,6.575695037841797
14.11,6.58789,0.0,6.573675632476807
14.12,6.58773,0.0,6.572244644165039
14.13,6.58752,0.0,6.5720014572143555
14.14,6.58737,0.0,6.573493957519531
14.15,6.58725,0.0,6.575957298278809
14.16,6.58714,0.0,6.578574180603027
14.17,6.58706,0.0,6.581616401672363
14.18,6.587,0.0,6.583704948425293
14.19,6.58695,0.0,6.584383487701416
14.2,6.58692,0.0,6.583621025085449
14.21,6.5869,0.0,6.582016468048096
14.22,6.58689,0.0,6.580286979675293
14.23,6.5869,0.0,6.578542232513428
14.24,6.58692,0.0,6.577256679534912
14.25,6.58694,0.0,6.575519561767578
14.26,6.58698,0.0,6.5732221603393555
14.27,6.58701,0.0,6.57157564163208
14.28,6.58705,0.0,6.570280075073242
14.29,6.5871,0.0,6.568782806396484
14.3,6.58715,0.0,6.567872047424316
14.31,6.5872,0.0,6.567651748657227
14.32,6.58726,0.0,6.567751884460449
14.33,6.58731,0.0,6.567441940307617
14.34,6.58736,0.0,6.56695556640625
14.35,6.5874,0.0,6.567584037780762
14.36,6.58745,0.0,6.568395614624023
14.37,6.58748,0.0,6.568792819976807
14.38,6.58753,0.0,6.569474220275879
14.39,6.58757,0.0,6.5706000328063965
14.4,6.5876,0.0,6.571942329406738
14.41,6.58763,0.0,6.572625160217285
14.42,6.58765,0.0,6.5728759765625
14.43,6.58767,0.0,6.573548793792725
14.44,6.58769,0.0,6.574233055114746
14.45,6.5877,0.0,6.574533462524414
14.46,6.58772,0.0,6.574471473693848
14.47,6.58773,0.0,6.573844909667969
14.48,6.58773,0.0,6.573245048522949
14.49,6.58774,0.0,6.572906017303467
14.5,6.58775,0.0,6.5729827880859375
14.51,6.58775,0.0,6.573246479034424
14.52,6.58775,0.0,6.573278903961182
14.53,6.58775,0.0,6.572831630706787
14.54,6.58775,0.0,6.572196006774902
14.55,6.58775,0.0,6.571956634521484
14.56,6.58775,0.0,6.5720977783203125
14.57,6.58775,0.0,6.571977138519287
14.58,6.58775,0.0,6.571007251739502
14.59,6.58775,0.0,6.569284439086914
14.6,6.58775,0.0,6.567718982696533
14.61,6.58775,0.0,6.56736946105957
