time,veh_u,veh_v,model_TCN_lon_129.pt
0.0,0.02213,0.02112,-0.010057255625724792
0.01,0.02182,0.01911,-0.010057255625724792
0.02,0.02141,0.01713,-0.010057255625724792
0.03,0.02088,0.01519,-0.010057255625724792
0.04,0.02024,0.0133,-0.010057255625724792
0.05,0.01948,0.01147,-0.010057255625724792
0.06,0.01861,0.00972,-0.010057255625724792
0.07,0.01763,0.00805,-0.010057255625724792
0.08,0.01655,0.00649,-0.010057255625724792
0.09,0.01536,0.00502,-0.010057255625724792
0.1,0.01408,0.00367,-0.010057255625724792
0.11,0.01272,0.00244,-0.010057255625724792
0.12,0.01128,0.00133,-0.010057255625724792
0.13,0.00174,0.0,-0.010057255625724792
0.14,0.0,0.0,-0.010057255625724792
0.15,0.0,0.0,-0.010057255625724792
0.16,0.0,0.0,-0.010057255625724792
0.17,0.0,0.0,-0.010057255625724792
0.18,0.0,0.0,-0.010057255625724792
0.19,0.0,0.0,-0.010057255625724792
0.2,0.0,0.0,-0.010057255625724792
0.21,0.0,0.0,-0.010057255625724792
0.22,0.0,0.0,-0.010057255625724792
0.23,0.0,0.0,-0.010057255625724792
0.24,0.0,0.0,-0.010057255625724792
0.25,0.0,0.0,-0.010057255625724792
0.26,0.0,0.0,-0.010057255625724792
0.27,0.0,0.0,-0.010057255625724792
0.28,0.0,0.0,-0.010057255625724792
0.29,0.0,0.0,-0.010057255625724792
0.3,0.0,0.0,-0.010057255625724792
0.31,0.0,0.0,-0.010057255625724792
0.32,0.0,0.0,-0.010057255625724792
0.33,0.0,0.0015,-0.010057255625724792
0.34,0.0,0.00199,-0.010057255625724792
0.35,0.0,0.00237,-0.010057255625724792
0.36,0.0,0.0029,-0.010057255625724792
0.37,0.0,0.00331,-0.010057255625724792
0.38,0.0,0.00368,-0.010057255625724792
0.39,0.0,0.00402,-0.010057255625724792
0.4,0.0,0.0043,-0.010057255625724792
0.41,0.0,0.00451,-0.010057255625724792
0.42,0.0,0.00475,-0.010057255625724792
0.43,0.0,0.00491,-0.010057255625724792
0.44,0.0,0.00503,-0.010057255625724792
0.45,0.0,0.00511,-0.010057255625724792
0.46,0.0,0.00515,-0.010057255625724792
0.47,0.0,0.00516,-0.010057255625724792
0.48,0.0,0.00513,-0.010057255625724792
0.49,0.0,0.00508,-0.010057255625724792
0.5,0.0,0.00501,-0.009482204914093018
0.51,0.0,0.00492,-0.009113386273384094
0.52,0.0,0.00482,-0.008733585476875305
0.53,0.0,0.0047,-0.007865369319915771
0.54,0.0,0.00459,-0.00785878300666809
0.55,0.0,0.00447,-0.006822317838668823
0.56,0.0,0.00435,-0.006455942988395691
0.57,0.0,0.00426,-0.006845548748970032
0.58,0.0,0.00414,-0.005688771605491638
0.59,0.0,0.00404,-0.005228966474533081
0.6,0.0,0.00396,-0.005043521523475647
0.61,0.0,0.00388,-0.005259856581687927
0.62,0.0,0.00382,-0.005611225962638855
0.63,0.0,0.00377,-0.0049827247858047485
0.64,0.0,0.00374,-0.005710765719413757
0.65,0.0,0.00371,-0.005796805024147034
0.66,0.0,0.00368,-0.005130738019943237
0.67,0.0,0.00367,-0.005844250321388245
0.68,0.0,0.00365,-0.005815371870994568
0.69,0.0,0.00363,-0.006919607520103455
0.7,0.0,0.00361,-0.007158786058425903
0.71,0.0,0.00358,-0.007534489035606384
0.72,0.0,0.00353,-0.007938072085380554
0.73,0.0,0.00348,-0.008611783385276794
0.74,0.0,0.0034,-0.008709341287612915
0.75,0.0,0.00331,-0.008485198020935059
0.76,0.0,0.00319,-0.008854791522026062
0.77,0.0,0.00304,-0.010241150856018066
0.78,0.0,0.00287,-0.01001344621181488
0.79,0.0,0.00267,-0.010428696870803833
0.8,0.0,0.00244,-0.010730460286140442
0.81,0.0,0.00218,-0.01201699674129486
0.82,0.0,0.00195,-0.01200065016746521
0.83,0.0,0.00164,-0.012039914727210999
0.84,0.0,0.00124,-0.012269631028175354
0.85,0.0,0.0,-0.01263117790222168
0.86,0.0,0.0,-0.012542620301246643
0.87,0.0,0.0,-0.012600496411323547
0.88,0.0,0.0,-0.01272997260093689
0.89,0.0,0.0,-0.012218669056892395
0.9,0.0,0.0,-0.012547597289085388
0.91,0.0,0.0,-0.012418627738952637
0.92,0.0,0.0,-0.012652426958084106
0.93,0.0,0.0,-0.012400686740875244
0.94,0.0,0.0,-0.011882320046424866
0.95,0.0,0.0,-0.011547625064849854
0.96,0.0,0.0,-0.011467739939689636
0.97,0.0,0.0,-0.011275768280029297
0.98,0.0,0.0,-0.010121628642082214
0.99,0.0,0.0,-0.010758444666862488
1.0,0.0,0.0,-0.009940236806869507
1.01,0.0,0.0,-0.009579852223396301
1.02,0.0,0.0,-0.009014829993247986
1.03,0.0,0.0,-0.008957594633102417
1.04,0.0,0.0,-0.008699506521224976
1.05,0.0,0.0,-0.008434802293777466
1.06,0.0,0.0,-0.00808696448802948
1.07,0.0,0.0,-0.008182346820831299
1.08,0.0,0.0,-0.00804603099822998
1.09,0.0,0.0,-0.007889553904533386
1.1,0.0,0.0,-0.008245646953582764
1.11,0.0,0.0,-0.008295968174934387
1.12,0.0,0.0,-0.008131980895996094
1.13,0.0,0.0,-0.008128434419631958
1.14,0.0,0.0,-0.008031606674194336
1.15,0.0,0.0,-0.008397281169891357
1.16,0.0,0.00121,-0.008399471640586853
1.17,0.0,0.00178,-0.008690446615219116
1.18,0.0,0.00234,-0.00868898630142212
1.19,0.0,0.00288,-0.009086579084396362
1.2,0.0,0.0034,-0.009122118353843689
1.21,0.0,0.00389,-0.009288951754570007
1.22,0.0,0.00435,-0.009452193975448608
1.23,0.0,0.00477,-0.00973731279373169
1.24,0.0,0.00514,-0.009935081005096436
1.25,0.0,0.00546,-0.010190531611442566
1.26,0.0,0.00573,-0.010626345872879028
1.27,0.0,0.00595,-0.010185495018959045
1.28,0.0,0.00611,-0.010444864630699158
1.29,0.0,0.00621,-0.01098664104938507
1.3,0.0,0.00626,-0.01085759699344635
1.31,0.0,0.00624,-0.011385515332221985
1.32,0.0,0.00618,-0.010892823338508606
1.33,0.0,0.00606,-0.010739356279373169
1.34,0.0,0.00589,-0.011685922741889954
1.35,0.0,0.00568,-0.010979786515235901
1.36,0.0,0.00542,-0.011844053864479065
1.37,0.0,0.00513,-0.011965349316596985
1.38,0.0,0.00487,-0.0121917724609375
1.39,0.0,0.00452,-0.01252909004688263
1.4,0.0,0.00415,-0.012985765933990479
1.41,0.0,0.00369,-0.01354353129863739
1.42,0.0,0.00329,-0.013995110988616943
1.43,0.0,0.00288,-0.014417558908462524
1.44,0.0,0.00248,-0.014822006225585938
1.45,0.0,0.00209,-0.015077799558639526
1.46,0.0,0.00171,-0.015162244439125061
1.47,0.0,0.00135,-0.014887586236000061
1.48,0.0,0.00101,-0.01451195776462555
1.49,0.0,0.0,-0.01403963565826416
1.5,0.0,0.0,-0.013475149869918823
1.51,0.0,0.0,-0.012778311967849731
1.52,0.0,0.0,-0.011693447828292847
1.53,0.0,0.0,-0.010406494140625
1.54,0.0,0.0,-0.010218828916549683
1.55,0.0,0.0,-0.009317144751548767
1.56,0.0,0.0,-0.008211091160774231
1.57,0.0,0.0,-0.007822215557098389
1.58,0.0,0.0,-0.007520347833633423
1.59,0.0,0.0,-0.006681710481643677
1.6,0.0,0.0,-0.006520375609397888
1.61,0.0,0.0,-0.007325619459152222
1.62,0.0,0.0,-0.0075973570346832275
1.63,0.0,0.0,-0.007495313882827759
1.64,0.0,0.0,-0.00754295289516449
1.65,0.0,0.0,-0.007937580347061157
1.66,0.0,0.0,-0.008130937814712524
1.67,0.0,0.00103,-0.008248165249824524
1.68,0.0,0.00131,-0.008283287286758423
1.69,0.0,0.00159,-0.008692026138305664
1.7,0.0,0.00188,-0.00881318747997284
1.71,0.0,0.00217,-0.008915558457374573
1.72,0.0,0.00245,-0.008292332291603088
1.73,0.0,0.00272,-0.009213626384735107
1.74,0.0,0.00299,-0.00926700234413147
1.75,0.0,0.00324,-0.00932745635509491
1.76,0.0,0.00347,-0.009333595633506775
1.77,0.0,0.00368,-0.009526088833808899
1.78,0.0,0.00387,-0.009607121348381042
1.79,0.0,0.00404,-0.008939817547798157
1.8,0.0,0.00418,-0.009624212980270386
1.81,0.0,0.0043,-0.00974339246749878
1.82,0.0,0.00439,-0.009826675057411194
1.83,0.0,0.00445,-0.009587645530700684
1.84,0.0,0.00449,-0.009088903665542603
1.85,0.0,0.00449,-0.0089491605758667
1.86,0.0,0.00447,-0.009611397981643677
1.87,0.0,0.00443,-0.009369269013404846
1.88,0.0,0.00438,-0.009573057293891907
1.89,0.0,0.00429,-0.009569913148880005
1.9,0.0,0.00419,-0.009560301899909973
1.91,0.0,0.00406,-0.009338289499282837
1.92,0.0,0.00389,-0.00945192575454712
1.93,0.0,0.00374,-0.00886043906211853
1.94,0.0,0.00358,-0.009406611323356628
1.95,0.0,0.0034,-0.009166225790977478
1.96,0.0,0.00323,-0.009253516793251038
1.97,0.0,0.00305,-0.009239405393600464
1.98,0.0,0.00288,-0.009181305766105652
1.99,0.0,0.00271,-0.00837358832359314
2.0,0.0,0.00255,-0.009078934788703918
2.01,0.0,0.00243,-0.009020611643791199
2.02,0.0,0.00227,-0.008939966559410095
2.03,0.0,0.00217,-0.00820314884185791
2.04,0.0,0.00205,-0.008943572640419006
2.05,0.0,0.00197,-0.008880019187927246
2.06,0.0,0.00191,-0.008221521973609924
2.07,0.0,0.00187,-0.008079811930656433
2.08,0.0,0.00185,-0.008831679821014404
2.09,0.0,0.00185,-0.008199512958526611
2.1,0.0,0.00187,-0.008760213851928711
2.11,0.0,0.00191,-0.008097812533378601
2.12,0.0,0.00197,-0.008126720786094666
2.13,0.0,0.00205,-0.008747801184654236
2.14,0.0,0.00214,-0.008542165160179138
2.15,0.0,0.00224,-0.008763119578361511
2.16,0.0,0.00235,-0.008863687515258789
2.17,0.0,0.00245,-0.008864298462867737
2.18,0.0,0.00256,-0.008320823311805725
2.19,0.0,0.00266,-0.008425503969192505
2.2,0.0,0.00276,-0.008612409234046936
2.21,0.0,0.00283,-0.009218603372573853
2.22,0.0,0.00289,-0.009178876876831055
2.23,0.0,0.00291,-0.009311795234680176
2.24,0.0,0.00291,-0.009203732013702393
2.25,0.0,0.00287,-0.009180411696434021
2.26,0.0,0.00282,-0.009218975901603699
2.27,0.0,0.00267,-0.009266316890716553
2.28,0.0,0.00254,-0.00865258276462555
2.29,0.0,0.00228,-0.00931200385093689
2.3,0.0,0.00207,-0.009327366948127747
2.31,0.0,0.00167,-0.008881241083145142
2.32,0.0,0.00129,-0.0094776451587677
2.33,0.0,0.0,-0.009464830160140991
2.34,0.0,0.0,-0.009513452649116516
2.35,0.0,0.0,-0.009545058012008667
2.36,0.0,0.0,-0.009586885571479797
2.37,0.0,0.0,-0.009478628635406494
2.38,0.0,0.0,-0.009523510932922363
2.39,0.0,0.0,-0.00949697196483612
2.4,0.0,0.0,-0.009534776210784912
2.41,0.0,0.0,-0.009451106190681458
2.42,0.0,0.0,-0.009643808007240295
2.43,0.0,0.0,-0.011399507522583008
2.44,0.0,0.0,-0.014078482985496521
2.45,0.0,0.0,-0.017658188939094543
2.46,0.0,0.0,-0.0194690078496933
2.47,0.0,0.0,-0.021447643637657166
2.48,0.0,0.0,-0.022290199995040894
2.49,0.0,0.0,-0.02258095145225525
2.5,0.0,0.0,-0.021993860602378845
2.51,0.0,0.0,-0.020730018615722656
2.52,0.0,0.0,-0.01941157877445221
2.53,0.0,0.0,-0.0171271413564682
2.54,0.0,0.0,-0.014895647764205933
2.55,0.0,0.0,-0.012315630912780762
2.56,0.0,0.0,-0.009270116686820984
2.57,0.0,0.0,-0.006677314639091492
2.58,0.0,0.0,-0.004604816436767578
2.59,0.0,0.0,-0.0028193891048431396
2.6,0.0,0.0,-0.0019155070185661316
2.61,0.0,0.0,-0.000978037714958191
2.62,0.0,0.0,-0.0003833398222923279
2.63,0.0,0.0,0.0004969611763954163
2.64,0.0,0.0,0.0008767172694206238
2.65,0.0,0.0,0.00132858008146286
2.66,0.0,0.0,0.0014822706580162048
2.67,0.0,0.0,0.002196386456489563
2.68,0.0,0.0,0.0021186918020248413
2.69,0.0,0.0,0.002420589327812195
2.7,0.0,0.0,0.0029211491346359253
2.71,0.0,0.0,0.0034729912877082825
2.72,0.0,0.0,0.0037327930331230164
2.73,0.0,0.0,0.0038276538252830505
2.74,0.0,0.0,0.004762239754199982
2.75,0.0,0.0,0.0050485581159591675
2.76,0.0,0.0,0.005648896098136902
2.77,0.0,0.0,0.006865538656711578
2.78,0.0,0.0,0.008343450725078583
2.79,0.0,0.00144,0.008788742125034332
2.8,0.0,0.00212,0.009784199297428131
2.81,0.0,0.00307,0.010571658611297607
2.82,0.01098,0.00378,0.011762604117393494
2.83,0.01305,0.00442,0.012627772986888885
2.84,0.01541,0.00497,0.014222957193851471
2.85,0.01808,0.00544,0.01539706438779831
2.86,0.02108,0.00583,0.016753360629081726
2.87,0.0244,0.00612,0.018215201795101166
2.88,0.02808,0.00633,0.019681021571159363
2.89,0.03212,0.00646,0.021219737827777863
2.9,0.03654,0.0065,0.022137276828289032
2.91,0.04136,0.00646,0.024287991225719452
2.92,0.04658,0.00634,0.026948265731334686
2.93,0.05221,0.00615,0.0330275222659111
2.94,0.05829,0.0059,0.043730609118938446
2.95,0.06481,0.00558,0.05640500783920288
2.96,0.0718,0.00522,0.06839292496442795
2.97,0.07927,0.0048,0.08030060678720474
2.98,0.08723,0.00435,0.08958251774311066
2.99,0.09571,0.00387,0.0987747386097908
3.0,0.10472,0.00336,0.10788679122924805
3.01,0.11235,0.00294,0.1184239536523819
3.02,0.12443,0.00231,0.12742137908935547
3.03,0.13297,0.00188,0.14703941345214844
3.04,0.1465,0.00126,0.15641772747039795
3.05,0.15606,0.0,0.17715074121952057
3.06,0.17115,0.0,0.19074377417564392
3.07,0.18179,0.0,0.21454684436321259
3.08,0.19858,0.0,0.22574201226234436
3.09,0.21341,0.0,0.24377483129501343
3.1,0.22903,0.0,0.25709396600723267
3.11,0.24546,0.0,0.2767093777656555
3.12,0.26274,0.0,0.28859108686447144
3.13,0.2809,0.0,0.31082212924957275
3.14,0.29998,0.0,0.32028812170028687
3.15,0.32001,0.0,0.3403305113315582
3.16,0.34103,0.0,0.3559842109680176
3.17,0.36307,0.0,0.3857787251472473
3.18,0.38617,0.0,0.40237241983413696
3.19,0.41035,0.0,0.43969422578811646
3.2,0.43566,0.0,0.4531811475753784
3.21,0.46212,0.0,0.48734337091445923
3.22,0.48975,0.0,0.5003325939178467
3.23,0.51858,0.0,0.5371216535568237
3.24,0.54863,0.0,0.5535651445388794
3.25,0.57993,0.0,0.5859177112579346
3.26,0.60591,0.00108,0.6058218479156494
3.27,0.64632,0.00177,0.6451070308685303
3.28,0.67433,0.00226,0.6684313416481018
3.29,0.71781,0.003,0.7083282470703125
3.3,0.74787,0.00351,0.7233942151069641
3.31,0.79457,0.00429,0.7760208249092102
3.32,0.8265,0.0048,0.8127692341804504
3.33,0.87604,0.00556,0.8633193373680115
3.34,0.91869,0.00618,0.8979898691177368
3.35,0.96254,0.00678,0.947803795337677
3.36,1.00755,0.00735,0.9782906174659729
3.37,1.05367,0.00788,1.024914264678955
3.38,1.10088,0.00838,1.0523428916931152
3.39,1.14913,0.00884,1.1113146543502808
3.4,1.19834,0.00925,1.159627914428711
3.41,1.2485,0.0096,1.2176482677459717
3.42,1.29952,0.0099,1.2596728801727295
3.43,1.35135,0.01015,1.3253328800201416
3.44,1.40392,0.01033,1.369485855102539
3.45,1.45717,0.01045,1.422452449798584
3.46,1.51105,0.01051,1.4685258865356445
3.47,1.56546,0.01051,1.5321431159973145
3.48,1.62036,0.01045,1.582122802734375
3.49,1.67566,0.01033,1.6445016860961914
3.5,1.73131,0.01016,1.6965473890304565
3.51,1.77613,0.00998,1.759426236152649
3.52,1.84339,0.00966,1.8171275854110718
3.53,1.88848,0.00941,1.8753461837768555
3.54,1.95609,0.00898,1.9234999418258667
3.55,2.0013,0.00866,1.9963865280151367
3.56,2.06894,0.00816,2.061657190322876
3.57,2.11411,0.0078,2.134801149368286
3.58,2.18158,0.00723,2.1957292556762695
3.59,2.23769,0.00675,2.2625205516815186
3.6,2.29364,0.00625,2.317460298538208
3.61,2.34937,0.00575,2.3761074542999268
3.62,2.40486,0.00525,2.4267547130584717
3.63,2.4601,0.00475,2.48988676071167
3.64,2.51506,0.00427,2.5450830459594727
3.65,2.56974,0.00379,2.607215642929077
3.66,2.62412,0.00334,2.66059947013855
3.67,2.67819,0.0029,2.71919846534729
3.68,2.73196,0.00247,2.7722856998443604
3.69,2.78544,0.00208,2.820070743560791
3.7,2.8386,0.0017,2.8648974895477295
3.71,2.89151,0.00134,2.9167587757110596
3.72,2.94411,0.00101,2.969733715057373
3.73,2.99644,0.0,3.024399518966675
3.74,3.04853,0.0,3.0763003826141357
3.75,3.10039,0.0,3.1251237392425537
3.76,3.14176,0.0,3.1774675846099854
3.77,3.20346,0.0,3.2272605895996094
3.78,3.24452,0.0,3.275941848754883
3.79,3.3058,0.0,3.32720685005188
3.8,3.34661,0.0,3.3811399936676025
3.81,3.40755,0.0,3.4298784732818604
3.82,3.44817,0.0,3.4879915714263916
3.83,3.50886,0.0,3.5418484210968018
3.84,3.55938,0.0,3.5947015285491943
3.85,3.60983,0.0,3.6478989124298096
3.86,3.66022,0.0,3.6908607482910156
3.87,3.71057,0.0,3.7411599159240723
3.88,3.76087,0.0,3.794065237045288
3.89,3.81114,0.0,3.841320514678955
3.9,3.86139,0.0,3.896869421005249
3.91,3.91159,0.0,3.9406776428222656
3.92,3.96178,0.0,3.9905524253845215
3.93,4.01193,0.0,4.045036315917969
3.94,4.06206,0.0,4.089242458343506
3.95,4.11215,0.0,4.134374141693115
3.96,4.1622,0.0,4.183949947357178
3.97,4.2122,0.0,4.230294704437256
3.98,4.26215,0.0,4.28062629699707
3.99,4.31202,0.0,4.333182334899902
4.0,4.36182,0.0,4.377399921417236
4.01,4.41152,0.0,4.4336748123168945
4.02,4.45126,0.0,4.473811626434326
4.03,4.50078,0.0,4.523988723754883
4.04,4.55997,0.0,4.571500778198242
4.05,4.60918,0.0,4.620343208312988
4.06,4.64849,0.0,4.671972751617432
4.07,4.69742,0.0,4.725080966949463
4.08,4.75585,0.0,4.771594047546387
4.09,4.80437,0.0,4.828124523162842
4.1,4.85268,0.0,4.865940570831299
4.11,4.90079,0.0,4.912905216217041
4.12,4.94869,0.0,4.953796863555908
4.13,4.99635,0.0,5.007441520690918
4.14,5.04378,0.0,5.056204795837402
4.15,5.09098,0.0,5.115199565887451
4.16,5.13794,0.0,5.153738498687744
4.17,5.18466,0.0,5.211307525634766
4.18,5.23115,0.0,5.250766277313232
4.19,5.2774,0.0,5.303219318389893
4.2,5.32342,0.0,5.342399597167969
4.21,5.36922,0.0,5.399661540985107
4.22,5.41481,0.0,5.436222553253174
4.23,5.46019,0.0,5.4930949211120605
4.24,5.50538,0.0,5.5354228019714355
4.25,5.5504,0.0,5.596994876861572
4.26,5.59524,0.0,5.627203464508057
4.27,5.63107,0.0,5.673867702484131
4.28,5.68451,0.0,5.714963912963867
4.29,5.72897,0.0,5.773696422576904
4.3,5.77334,0.0,5.808434963226318
4.31,5.80886,0.0,5.868319034576416
4.32,5.86187,0.0,5.902534484863281
4.33,5.90608,0.0,5.958156108856201
4.34,5.95028,0.0,5.996951580047607
4.35,5.98569,0.0,6.039713382720947
4.36,6.03872,0.0,6.07602071762085
4.37,6.08302,0.0,6.130403518676758
4.38,6.12738,0.0,6.174528121948242
4.39,6.17184,0.0,6.227813243865967
4.4,6.2164,0.0,6.268263339996338
4.41,6.26109,0.0,6.319214344024658
4.42,6.30591,0.0,6.362276554107666
4.43,6.3509,0.0,6.409456253051758
4.44,6.39604,0.0,6.4496684074401855
4.45,6.44138,0.0,6.504378318786621
4.46,6.48689,0.0,6.543844223022461
4.47,6.53261,0.0,6.593858242034912
4.48,6.57853,0.0,6.639956951141357
4.49,6.62464,0.0,6.693178653717041
4.5,6.67097,0.0,6.728829383850098
4.51,6.71752,0.0,6.785865783691406
4.52,6.75493,0.0,6.821590423583984
4.53,6.81121,0.0,6.868574142456055
4.54,6.85836,0.0,6.922823905944824
4.55,6.90571,0.0,6.970967769622803
4.56,6.94376,0.0,7.0110273361206055
4.57,7.00096,0.0,7.056251525878906
4.58,7.04884,0.0,7.105603218078613
4.59,7.09689,0.0,7.158798694610596
4.6,7.13547,0.0,7.199975967407227
4.61,7.19344,0.0,7.244283676147461
4.62,7.24186,0.0,7.2941412925720215
4.63,7.29043,0.0,7.341836929321289
4.64,7.33909,0.0,7.38958740234375
4.65,7.38785,0.0,7.435811519622803
4.66,7.43667,0.0,7.482456207275391
4.67,7.48556,0.0,7.541207313537598
4.68,7.53449,0.0,7.58095121383667
4.69,7.58345,0.0,7.6303277015686035
4.7,7.63245,0.0,7.673458576202393
4.71,7.68144,0.0,7.726533889770508
4.72,7.73045,0.0,7.765694618225098
4.73,7.77944,0.0,7.824697971343994
4.74,7.82841,0.0,7.8644490242004395
4.75,7.87736,0.0,7.922992706298828
4.76,7.92627,0.0,7.964554309844971
4.77,7.96543,0.0,8.013367652893066
4.78,8.02397,0.0,8.056709289550781
4.79,8.07275,0.0,8.11343765258789
4.8,8.12146,0.0,8.144667625427246
4.81,8.16045,0.0,8.198123931884766
4.82,8.21872,0.0,8.24713134765625
4.83,8.26725,0.0,8.29687213897705
4.84,8.31573,0.0,8.344893455505371
4.85,8.35452,0.0,8.385686874389648
4.86,8.41248,0.0,8.431321144104004
4.87,8.46076,0.0,8.490400314331055
4.88,8.50899,0.0,8.52062702178955
4.89,8.55715,0.0,8.575439453125
4.9,8.60526,0.0,8.621929168701172
4.91,8.65332,0.0,8.673365592956543
4.92,8.70133,0.0,8.716352462768555
4.93,8.74931,0.0,8.770259857177734
4.94,8.79725,0.0,8.808170318603516
4.95,8.84517,0.0,8.867878913879395
4.96,8.89306,0.0,8.893877983093262
4.97,8.94094,0.0,8.95921802520752
4.98,8.9888,0.0,9.00008487701416
4.99,9.03667,0.0,9.05697250366211
5.0,9.08455,0.0,9.092432975769043
5.01,9.13246,0.0,9.149262428283691
5.02,9.17082,0.0,9.196453094482422
5.03,9.22831,0.0,9.255824089050293
5.04,9.2763,0.0,9.283738136291504
5.05,9.32434,0.0,9.339889526367188
5.06,9.36285,0.0,9.38032054901123
5.07,9.4206,0.0,9.43470287322998
5.08,9.46885,0.0,9.480362892150879
5.09,9.51717,0.0,9.53300952911377
5.1,9.55594,0.0,9.577441215515137
5.11,9.61411,0.0,9.63797664642334
5.12,9.66273,0.0,9.675277709960938
5.13,9.71146,0.0,9.72768497467041
5.14,9.76032,0.0,9.77280044555664
5.15,9.8093,0.0,9.823451042175293
5.16,9.8584,0.0,9.863167762756348
5.17,9.90764,0.0,9.93198299407959
5.18,9.95701,0.0,9.971562385559082
5.19,10.00652,0.0,10.026954650878906
5.2,10.05616,0.0,10.068989753723145
5.21,10.10593,0.0,10.128960609436035
5.22,10.15583,0.0,10.170331954956055
5.23,10.20586,0.0,10.225943565368652
5.24,10.25601,0.0,10.271041870117188
5.25,10.30628,0.0,10.33168888092041
5.26,10.35665,0.0,10.375189781188965
5.27,10.39708,0.0,10.431861877441406
5.28,10.45769,0.0,10.474844932556152
5.29,10.50833,0.0,10.530083656311035
5.3,10.55903,0.0,10.570602416992188
5.31,10.59982,0.0,10.629057884216309
5.32,10.6606,0.0,10.673007011413574
5.33,10.71144,0.0,10.734265327453613
5.34,10.76229,0.0,10.78333854675293
5.35,10.80304,0.0,10.825090408325195
5.36,10.864,0.0,10.876981735229492
5.37,10.91482,0.0,10.926756858825684
5.38,10.96562,0.0,10.978867530822754
5.39,11.01638,0.0,11.02916145324707
5.4,11.0671,0.0,11.069109916687012
5.41,11.11775,0.0,11.133932113647461
5.42,11.16833,0.0,11.194119453430176
5.43,11.21886,0.0,11.236223220825195
5.44,11.26933,0.0,11.289775848388672
5.45,11.31974,0.0,11.336960792541504
5.46,11.37009,0.0,11.383213996887207
5.47,11.42039,0.0,11.44003963470459
5.48,11.47065,0.0,11.482059478759766
5.49,11.52087,0.0,11.538369178771973
5.5,11.57108,0.0,11.597526550292969
5.51,11.62131,0.0,11.640264511108398
5.52,11.66151,0.0,11.697145462036133
5.53,11.72177,0.0,11.738568305969238
5.54,11.77209,0.0,11.788654327392578
5.55,11.82246,0.0,11.836090087890625
5.56,11.86288,0.0,11.882691383361816
5.57,11.92353,0.0,11.93080997467041
5.58,11.97426,0.0,11.994721412658691
5.59,12.02514,0.0,12.030691146850586
5.6,12.066,0.0,12.10659408569336
5.61,12.12741,0.0,12.157173156738281
5.62,12.17883,0.0,12.23857593536377
5.63,12.23044,0.0,12.262593269348145
5.64,12.28225,0.0,12.295788764953613
5.65,12.33426,0.0,12.349800109863281
5.66,12.38647,0.0,12.399605751037598
5.67,12.43885,0.0,12.437348365783691
5.68,12.49138,0.0,12.513863563537598
5.69,12.54404,0.0,12.57351016998291
5.7,12.59679,0.0,12.633739471435547
5.71,12.64964,0.0,12.659260749816895
5.72,12.70242,0.0,12.704354286193848
5.73,12.75519,0.0,12.745888710021973
5.74,12.80785,0.0,12.80823802947998
5.75,12.86032,0.0,12.8427734375
5.76,12.91255,0.0,12.913548469543457
5.77,12.95415,0.0,12.970685958862305
5.78,13.01591,0.0,13.034146308898926
5.79,13.06688,0.0,13.048949241638184
5.8,13.11724,0.0,13.105008125305176
5.81,13.15712,0.0,13.151398658752441
5.82,13.21576,0.0,13.204142570495605
5.83,13.26371,0.0,13.240714073181152
5.84,13.31066,0.0,13.30175495147705
5.85,13.34748,0.0,13.377304077148438
5.86,13.40114,0.0,13.44726276397705
5.87,13.44448,0.0,13.440291404724121
5.88,13.48643,0.0,13.524273872375488
5.89,13.52688,0.0,13.547640800476074
5.9,13.56576,0.0,13.581923484802246
5.91,13.603,0.0,13.578482627868652
5.92,13.63851,0.0,13.641491889953613
5.93,13.67224,0.0,13.68598747253418
5.94,13.70414,0.0,13.707101821899414
5.95,13.73415,0.0,13.71174144744873
5.96,13.76225,0.0,13.755959510803223
5.97,13.7884,0.0,13.75366497039795
5.98,13.81259,0.0,13.78567886352539
5.99,13.83482,0.0,13.793070793151855
6.0,13.85508,0.0,13.829262733459473
6.01,13.8734,0.0,13.862895965576172
6.02,13.88666,0.0,13.883040428161621
6.03,13.90425,0.0,13.884732246398926
6.04,13.91688,0.0,13.928048133850098
6.05,13.92771,0.0,13.912235260009766
6.06,13.93511,0.0,13.929413795471191
6.07,13.94417,0.0,13.922569274902344
6.08,13.94994,0.0,13.948516845703125
6.09,13.95417,0.0,13.960709571838379
6.1,13.9565,0.0,13.957426071166992
6.11,13.95833,0.0,13.960762977600098
6.12,13.95842,0.0,13.9805269241333
6.13,13.95731,0.0,13.9590425491333
6.14,13.95561,0.0,13.968018531799316
6.15,13.95183,0.0,13.934184074401855
6.16,13.94764,0.0,13.96472454071045
6.17,13.94259,0.0,13.943148612976074
6.18,13.93678,0.0,13.920737266540527
6.19,13.93029,0.0,13.916955947875977
6.2,13.9232,0.0,13.895966529846191
6.21,13.91558,0.0,13.880298614501953
6.22,13.90751,0.0,13.868563652038574
6.23,13.89905,0.0,13.859933853149414
6.24,13.89028,0.0,13.8772611618042
6.25,13.88125,0.0,13.86640453338623
6.26,13.87201,0.0,13.859577178955078
6.27,13.8645,0.0,13.85837459564209
6.28,13.85313,0.0,13.854561805725098
6.29,13.84356,0.0,13.84659481048584
6.3,13.83397,0.0,13.843262672424316
6.31,13.82627,0.0,13.832171440124512
6.32,13.81481,0.0,13.842276573181152
6.33,13.80529,0.0,13.821837425231934
6.34,13.79585,0.0,13.808375358581543
6.35,13.78835,0.0,13.804043769836426
6.36,13.77725,0.0,13.791390419006348
6.37,13.7681,0.0,13.788928031921387
6.38,13.75908,0.0,13.783061981201172
6.39,13.75194,0.0,13.769413948059082
6.4,13.74141,0.0,13.776759147644043
6.41,13.73275,0.0,13.759137153625488
6.42,13.72424,0.0,13.755472183227539
6.43,13.71584,0.0,13.736138343811035
6.44,13.70756,0.0,13.72346019744873
6.45,13.6994,0.0,13.729464530944824
6.46,13.69136,0.0,13.70623779296875
6.47,13.68342,0.0,13.71605110168457
6.48,13.67558,0.0,13.702179908752441
6.49,13.66783,0.0,13.704004287719727
6.5,13.66017,0.0,13.699986457824707
6.51,13.6526,0.0,13.680001258850098
6.52,13.64658,0.0,13.67551040649414
6.53,13.63767,0.0,13.684264183044434
6.54,13.6303,0.0,13.661598205566406
6.55,13.62299,0.0,13.666698455810547
6.56,13.61717,0.0,13.649571418762207
6.57,13.60852,0.0,13.645509719848633
6.58,13.60135,0.0,13.640579223632812
6.59,13.59422,0.0,13.630256652832031
6.6,13.58854,0.0,13.61485767364502
6.61,13.58006,0.0,13.622050285339355
6.62,13.57302,0.0,13.613577842712402
6.63,13.566,0.0,13.603996276855469
6.64,13.5604,0.0,13.601393699645996
6.65,13.55204,0.0,13.596367835998535
6.66,13.54508,0.0,13.597068786621094
6.67,13.53814,0.0,13.571916580200195
6.68,13.53122,0.0,13.568167686462402
6.69,13.52431,0.0,13.575652122497559
6.7,13.51742,0.0,13.56418514251709
6.71,13.51053,0.0,13.551246643066406
6.72,13.50367,0.0,13.541821479797363
6.73,13.49681,0.0,13.544290542602539
6.74,13.48997,0.0,13.530289649963379
6.75,13.48314,0.0,13.514602661132812
6.76,13.47632,0.0,13.515706062316895
6.77,13.47087,0.0,13.520661354064941
6.78,13.46274,0.0,13.512299537658691
6.79,13.45596,0.0,13.50297737121582
6.8,13.4492,0.0,13.490433692932129
6.81,13.44379,0.0,13.490418434143066
6.82,13.43572,0.0,13.482172966003418
6.83,13.42901,0.0,13.462783813476562
6.84,13.4223,0.0,13.468525886535645
6.85,13.41693,0.0,13.46765422821045
6.86,13.40891,0.0,13.457719802856445
6.87,13.40224,0.0,13.445207595825195
6.88,13.39556,0.0,13.447821617126465
6.89,13.39022,0.0,13.427436828613281
6.9,13.38223,0.0,13.4271879196167
6.91,13.37556,0.0,13.405295372009277
6.92,13.36889,0.0,13.41471004486084
6.93,13.36221,0.0,13.408747673034668
6.94,13.35552,0.0,13.398140907287598
6.95,13.34882,0.0,13.38846492767334
6.96,13.3421,0.0,13.388211250305176
6.97,13.33536,0.0,13.374167442321777
6.98,13.32859,0.0,13.38123893737793
6.99,13.3218,0.0,13.352091789245605
7.0,13.31497,0.0,13.363458633422852
7.01,13.30811,0.0,13.347678184509277
7.02,13.30259,0.0,13.343683242797852
7.03,13.29427,0.0,13.336533546447754
7.04,13.28728,0.0,13.335354804992676
7.05,13.28025,0.0,13.322798728942871
7.06,13.27458,0.0,13.319869041442871
7.07,13.26604,0.0,13.30080509185791
7.08,13.25886,0.0,13.308234214782715
7.09,13.25162,0.0,13.291468620300293
7.1,13.2458,0.0,13.278639793395996
7.11,13.23701,0.0,13.283854484558105
7.12,13.22963,0.0,13.280760765075684
7.13,13.22221,0.0,13.264982223510742
7.14,13.21624,0.0,13.268657684326172
7.15,13.20725,0.0,13.246430397033691
7.16,13.19971,0.0,13.254648208618164
7.17,13.19215,0.0,13.240368843078613
7.18,13.18456,0.0,13.230386734008789
7.19,13.17696,0.0,13.230683326721191
7.2,13.16935,0.0,13.222333908081055
7.21,13.16174,0.0,13.213532447814941
7.22,13.15413,0.0,13.217073440551758
7.23,13.14654,0.0,13.191450119018555
7.24,13.13896,0.0,13.19156551361084
7.25,13.13142,0.0,13.184134483337402
7.26,13.12392,0.0,13.175990104675293
7.27,13.11793,0.0,13.17336654663086
7.28,13.10905,0.0,13.161530494689941
7.29,13.1017,0.0,13.163043022155762
7.3,13.09442,0.0,13.154085159301758
7.31,13.08864,0.0,13.14084529876709
7.32,13.08009,0.0,13.140098571777344
7.33,13.07305,0.0,13.137646675109863
7.34,13.06609,0.0,13.118854522705078
7.35,13.06059,0.0,13.129510879516602
7.36,13.05246,0.0,13.106277465820312
7.37,13.04579,0.0,13.101842880249023
7.38,13.03921,0.0,13.10601806640625
7.39,13.034,0.0,13.083755493164062
7.4,13.02632,0.0,13.087883949279785
7.41,13.02001,0.0,13.075467109680176
7.42,13.01378,0.0,13.064153671264648
7.43,13.00763,0.0,13.072428703308105
7.44,13.00154,0.0,13.048298835754395
7.45,12.99552,0.0,13.04218864440918
7.46,12.98954,0.0,13.049513816833496
7.47,12.98361,0.0,13.033501625061035
7.48,12.9777,0.0,13.027395248413086
7.49,12.97181,0.0,13.022820472717285
7.5,12.96593,0.0,13.016894340515137
7.51,12.96004,0.0,13.016090393066406
7.52,12.95532,0.0,12.99968433380127
7.53,12.9482,0.0,12.985801696777344
7.54,12.94222,0.0,12.99560260772705
7.55,12.93618,0.0,12.980027198791504
7.56,12.93129,0.0,12.974047660827637
7.57,12.92388,0.0,12.97057056427002
7.58,12.9176,0.0,12.956976890563965
7.59,12.91122,0.0,12.954445838928223
7.6,12.90604,0.0,12.942517280578613
7.61,12.89813,0.0,12.922683715820312
7.62,12.8914,0.0,12.937195777893066
7.63,12.88455,0.0,12.917490005493164
7.64,12.87897,0.0,12.918567657470703
7.65,12.87045,0.0,12.907912254333496
7.66,12.86321,0.0,12.903016090393066
7.67,12.85583,0.0,12.898985862731934
7.68,12.84833,0.0,12.891825675964355
7.69,12.8407,0.0,12.871255874633789
7.7,12.83297,0.0,12.876338958740234
7.71,12.82512,0.0,12.866509437561035
7.72,12.81718,0.0,12.859500885009766
7.73,12.80915,0.0,12.849562644958496
7.74,12.80104,0.0,12.850420951843262
7.75,12.79288,0.0,12.843592643737793
7.76,12.78466,0.0,12.82712173461914
7.77,12.77806,0.0,12.81298542022705
7.78,12.76816,0.0,12.822152137756348
7.79,12.7599,0.0,12.79977798461914
7.8,12.75165,0.0,12.80192756652832
7.81,12.74507,0.0,12.791953086853027
7.82,12.73528,0.0,12.791776657104492
7.83,12.72718,0.0,12.77270221710205
7.84,12.71916,0.0,12.77301025390625
7.85,12.7128,0.0,12.758240699768066
7.86,12.70341,0.0,12.762351989746094
7.87,12.69571,0.0,12.751297950744629
7.88,12.68815,0.0,12.743206977844238
7.89,12.68219,0.0,12.736104011535645
7.9,12.67345,0.0,12.730084419250488
7.91,12.66632,0.0,12.717503547668457
7.92,12.65937,0.0,12.712701797485352
7.93,12.65391,0.0,12.705347061157227
7.94,12.64595,0.0,12.696906089782715
7.95,12.63949,0.0,12.686728477478027
7.96,12.63319,0.0,12.681694984436035
7.97,12.62705,0.0,12.668042182922363
7.98,12.62106,0.0,12.66977596282959
7.99,12.61522,0.0,12.6510591506958
8.0,12.60952,0.0,12.650736808776855
8.01,12.60394,0.0,12.651534080505371
8.02,12.59847,0.0,12.633475303649902
8.03,12.5931,0.0,12.635876655578613
8.04,12.58887,0.0,12.62337589263916
8.05,12.58364,0.0,12.604887962341309
8.06,12.57847,0.0,12.607812881469727
8.07,12.57231,0.0,12.588852882385254
8.08,12.5672,0.00228,12.583481788635254
8.09,12.56209,0.00414,12.586400985717773
8.1,12.55695,0.00607,12.57118034362793
8.11,12.55178,0.00808,12.569927215576172
8.12,12.5476,0.00973,12.552718162536621
8.13,12.54232,0.01185,12.53482437133789
8.14,12.53695,0.01401,12.538710594177246
8.15,12.53038,0.01666,12.521151542663574
8.16,12.52476,0.01889,12.51150131225586
8.17,12.51901,0.02115,12.520406723022461
8.18,12.51311,0.0234,12.505520820617676
8.19,12.50705,0.02566,12.497930526733398
8.2,12.50083,0.0279,12.483689308166504
8.21,12.49441,0.03012,12.47158145904541
8.22,12.48782,0.0323,12.473579406738281
8.23,12.48103,0.03443,12.457046508789062
8.24,12.47404,0.03652,12.446657180786133
8.25,12.46685,0.03854,12.454137802124023
8.26,12.45946,0.04049,12.437515258789062
8.27,12.45187,0.04237,12.431132316589355
8.28,12.44407,0.04417,12.419987678527832
8.29,12.43767,0.04555,12.405593872070312
8.3,12.42788,0.04751,12.402386665344238
8.31,12.41947,0.04905,12.391263961791992
8.32,12.41093,0.0505,12.377673149108887
8.33,12.40219,0.05185,12.377677917480469
8.34,12.39329,0.05312,12.370572090148926
8.35,12.38423,0.05431,12.364287376403809
8.36,12.37504,0.05542,12.34912395477295
8.37,12.36757,0.05625,12.344779968261719
8.38,12.35627,0.05742,12.346274375915527
8.39,12.34672,0.05833,12.324348449707031
8.4,12.3371,0.0592,12.323123931884766
8.41,12.3274,0.06002,12.317585945129395
8.42,12.31764,0.06081,12.310417175292969
8.43,12.30786,0.06159,12.308773040771484
8.44,12.29805,0.06236,12.287070274353027
8.45,12.28823,0.06313,12.286534309387207
8.46,12.27844,0.06393,12.284499168395996
8.47,12.26867,0.06474,12.268546104431152
8.48,12.25895,0.0656,12.263033866882324
8.49,12.24929,0.0665,12.253052711486816
8.5,12.23971,0.06746,12.246991157531738
8.51,12.23023,0.06849,12.250540733337402
8.52,12.22085,0.06959,12.232518196105957
8.53,12.21159,0.07076,12.231490135192871
8.54,12.20427,0.07177,12.22876262664795
8.55,12.19348,0.07338,12.216809272766113
8.56,12.18465,0.07483,12.211920738220215
8.57,12.17597,0.07637,12.204902648925781
8.58,12.16746,0.078,12.2007474899292
8.59,12.15912,0.07972,12.197489738464355
8.6,12.15095,0.08153,12.182065963745117
8.61,12.14294,0.08343,12.184147834777832
8.62,12.13666,0.085,12.170906066894531
8.63,12.12746,0.08744,12.170269966125488
8.64,12.11996,0.08955,12.1622896194458
8.65,12.11262,0.09171,12.150097846984863
8.66,12.10543,0.09392,12.150546073913574
8.67,12.09837,0.09615,12.141270637512207
8.68,12.09145,0.09841,12.123685836791992
8.69,12.08464,0.10068,12.125494003295898
8.7,12.07926,0.10249,12.113687515258789
8.71,12.0713,0.10519,12.111841201782227
8.72,12.06475,0.10741,12.105271339416504
8.73,12.05826,0.10959,12.09431266784668
8.74,12.0518,0.11171,12.089098930358887
8.75,12.04537,0.11377,12.085182189941406
8.76,12.03894,0.11576,12.07775592803955
8.77,12.0325,0.11765,12.067535400390625
8.78,12.02603,0.11945,12.057722091674805
8.79,12.02082,0.12082,12.05748462677002
8.8,12.01296,0.12273,12.05111312866211
8.81,12.00633,0.1242,12.036405563354492
8.82,11.99963,0.12554,12.031050682067871
8.83,11.99283,0.12676,12.027831077575684
8.84,11.98595,0.12785,12.010625839233398
8.85,11.97896,0.12881,12.00634765625
8.86,11.97187,0.12965,11.995194435119629
8.87,11.96611,0.13022,11.99311637878418
8.88,11.95737,0.13094,11.984993934631348
8.89,11.94997,0.13142,11.969291687011719
8.9,11.94247,0.13178,11.968042373657227
8.91,11.93489,0.13205,11.966609001159668
8.92,11.92722,0.13222,11.95261287689209
8.93,11.91948,0.13231,11.941035270690918
8.94,11.91168,0.13234,11.93932056427002
8.95,11.9054,0.13231,11.940173149108887
8.96,11.89597,0.13222,11.926224708557129
8.97,11.88808,0.13211,11.911626815795898
8.98,11.88019,0.13197,11.91323184967041
8.99,11.87233,0.13184,11.91053581237793
9.0,11.8645,0.1317,11.89355182647705
9.01,11.85672,0.13159,11.882219314575195
9.02,11.84902,0.13151,11.886253356933594
9.03,11.8414,0.13148,11.878447532653809
9.04,11.83538,0.13149,11.867015838623047
9.05,11.82649,0.13158,11.851012229919434
9.06,11.81923,0.13174,11.859853744506836
9.07,11.8121,0.13198,11.849541664123535
9.08,11.80513,0.1323,11.83003044128418
9.09,11.79832,0.13271,11.83221435546875
9.1,11.79169,0.13322,11.835100173950195
9.11,11.78522,0.13382,11.825883865356445
9.12,11.78017,0.13437,11.807692527770996
9.13,11.77282,0.13531,11.804631233215332
9.14,11.76689,0.13618,11.808934211730957
9.15,11.76113,0.13714,11.794832229614258
9.16,11.75554,0.13817,11.781457901000977
9.17,11.75011,0.13928,11.782145500183105
9.18,11.74483,0.14044,11.783926963806152
9.19,11.7397,0.14164,11.768752098083496
9.2,11.73569,0.14264,11.757380485534668
9.21,11.72983,0.14416,11.754446029663086
9.22,11.72505,0.14544,11.757220268249512
9.23,11.72038,0.14671,11.73617172241211
9.24,11.71578,0.14797,11.725495338439941
9.25,11.71123,0.1492,11.724536895751953
9.26,11.70674,0.15039,11.734105110168457
9.27,11.70227,0.15152,11.704039573669434
9.28,11.69781,0.15259,11.704437255859375
9.29,11.69424,0.15339,11.703701972961426
9.3,11.68888,0.15447,11.699460983276367
9.31,11.68437,0.15527,11.680859565734863
9.32,11.67981,0.15597,11.677846908569336
9.33,11.6752,0.15654,11.684948921203613
9.34,11.67051,0.157,11.675251960754395
9.35,11.66575,0.15734,11.657524108886719
9.36,11.66089,0.15755,11.660757064819336
9.37,11.65692,0.15763,11.661179542541504
9.38,11.65086,0.15759,11.647394180297852
9.39,11.64568,0.15742,11.62658977508545
9.4,11.64038,0.15713,11.634116172790527
9.41,11.63496,0.15673,11.621319770812988
9.42,11.62941,0.15621,11.616806983947754
9.43,11.62375,0.15559,11.602136611938477
9.44,11.61795,0.15488,11.602192878723145
9.45,11.61322,0.15424,11.603606224060059
9.46,11.606,0.1532,11.588841438293457
9.47,11.59984,0.15226,11.566243171691895
9.48,11.59357,0.15127,11.588505744934082
9.49,11.58719,0.15024,11.56408977508545
9.5,11.5807,0.14917,11.557611465454102
9.51,11.5741,0.1481,11.547128677368164
9.52,11.56742,0.14701,11.553695678710938
9.53,11.56064,0.14594,11.545427322387695
9.54,11.55514,0.1451,11.519878387451172
9.55,11.54682,0.14388,11.514248847961426
9.56,11.5398,0.14292,11.521627426147461
9.57,11.53271,0.14202,11.510117530822754
9.58,11.52556,0.14119,11.49557113647461
9.59,11.51834,0.14044,11.489811897277832
9.6,11.51107,0.13978,11.481878280639648
9.61,11.50375,0.13922,11.482111930847168
9.62,11.49785,0.13886,11.463020324707031
9.63,11.48896,0.13845,11.450801849365234
9.64,11.4815,0.13825,11.461710929870605
9.65,11.474,0.13818,11.445145606994629
9.66,11.46646,0.13824,11.433091163635254
9.67,11.45888,0.13843,11.4315767288208
9.68,11.45126,0.13877,11.424036979675293
9.69,11.44361,0.13924,11.420496940612793
9.7,11.43745,0.13972,11.403714179992676
9.71,11.42818,0.1406,11.401326179504395
9.72,11.42042,0.14147,11.397936820983887
9.73,11.41261,0.14247,11.391664505004883
9.74,11.40476,0.14359,11.375394821166992
9.75,11.39687,0.14481,11.378824234008789
9.76,11.38893,0.14614,11.379670143127441
9.77,11.38095,0.14755,11.352971076965332
9.78,11.37293,0.14904,11.33559513092041
9.79,11.36646,0.15028,11.346620559692383
9.8,11.35674,0.15219,11.320995330810547
9.81,11.34858,0.15382,11.317362785339355
9.82,11.34037,0.15546,11.30688762664795
9.83,11.33212,0.1571,11.316347122192383
9.84,11.32383,0.15873,11.307458877563477
9.85,11.3155,0.16032,11.290876388549805
9.86,11.30713,0.16185,11.288215637207031
9.87,11.3004,0.16303,11.278742790222168
9.88,11.2903,0.16469,11.270269393920898
9.89,11.28184,0.16596,11.264537811279297
9.9,11.27337,0.16711,11.235001564025879
9.91,11.26488,0.16813,11.254755020141602
9.92,11.25639,0.16901,11.252596855163574
9.93,11.2479,0.16973,11.220728874206543
9.94,11.23942,0.17028,11.22424602508545
9.95,11.23263,0.17059,11.223395347595215
9.96,11.22252,0.17084,11.198254585266113
9.97,11.21411,0.17085,11.202929496765137
9.98,11.20576,0.17067,11.171592712402344
9.99,11.19745,0.1703,11.190736770629883
10.0,11.18921,0.16975,11.185601234436035
10.01,11.18103,0.16901,11.15640640258789
10.02,11.17294,0.16809,11.153420448303223
10.03,11.16494,0.167,11.156889915466309
10.04,11.1586,0.16601,11.145959854125977
10.05,11.14923,0.16434,11.13497257232666
10.06,11.14154,0.16278,11.112029075622559
10.07,11.13397,0.1611,11.130186080932617
10.08,11.12652,0.15929,11.117209434509277
10.09,11.11919,0.15737,11.108606338500977
10.1,11.112,0.15536,11.089188575744629
10.11,11.10495,0.15326,11.100115776062012
10.12,11.0994,0.15153,11.076213836669922
10.13,11.09126,0.14887,11.077336311340332
10.14,11.08463,0.1466,11.060983657836914
10.15,11.07814,0.14429,11.064236640930176
10.16,11.07179,0.14195,11.05246639251709
10.17,11.06558,0.13959,11.035821914672852
10.18,11.05951,0.13721,11.018470764160156
10.19,11.05358,0.13483,11.027010917663574
10.2,11.04893,0.13293,11.008768081665039
10.21,11.04212,0.13007,11.023512840270996
10.22,11.03658,0.12769,10.993066787719727
10.23,11.03117,0.12531,10.99736213684082
10.24,11.02588,0.12294,10.996211051940918
10.25,11.0207,0.12057,10.9768648147583
10.26,11.01564,0.1182,10.95942211151123
10.27,11.01068,0.11584,10.986440658569336
10.28,11.00583,0.11347,10.9634370803833
10.29,11.00201,0.11156,10.975472450256348
10.3,10.99641,0.1087,10.95584487915039
10.31,10.99184,0.1063,10.933857917785645
10.32,10.98736,0.10389,10.936494827270508
10.33,10.98295,0.10146,10.945530891418457
10.34,10.97862,0.09901,10.904154777526855
10.35,10.97436,0.09654,10.930426597595215
10.36,10.97017,0.09405,10.916577339172363
10.37,10.96686,0.09204,10.899198532104492
10.38,10.96198,0.089,10.913966178894043
10.39,10.95796,0.08645,10.878196716308594
10.4,10.95399,0.08388,10.890761375427246
10.41,10.95006,0.0813,10.892775535583496
10.42,10.94617,0.07871,10.845244407653809
10.43,10.94231,0.07612,10.886828422546387
10.44,10.93847,0.07353,10.861821174621582
10.45,10.9354,0.07146,10.868684768676758
10.46,10.93083,0.06839,10.872872352600098
10.47,10.92702,0.06585,10.82287883758545
10.48,10.9232,0.06333,10.856642723083496
10.49,10.91936,0.06086,10.856446266174316
10.5,10.91549,0.05843,10.811685562133789
10.51,10.91159,0.05604,10.844561576843262
10.52,10.90764,0.05372,10.83037281036377
10.53,10.90364,0.05145,10.83305835723877
10.54,10.90039,0.04969,10.827001571655273
10.55,10.89543,0.04713,10.78630542755127
10.56,10.8912,0.04507,10.807125091552734
10.57,10.88687,0.04308,10.818086624145508
10.58,10.88244,0.04117,10.754545211791992
10.59,10.8779,0.03934,10.819944381713867
10.6,10.87324,0.03757,10.788702964782715
10.61,10.86844,0.03586,10.761459350585938
10.62,10.86451,0.03454,10.800798416137695
10.63,10.85845,0.03263,10.751709938049316
10.64,10.85325,0.03109,10.745280265808105
10.65,10.8479,0.02959,10.81605052947998
10.66,10.8424,0.02811,10.728072166442871
10.67,10.83675,0.02665,10.730164527893066
10.68,10.83097,0.02519,10.770552635192871
10.69,10.82504,0.02373,10.743964195251465
10.7,10.82019,0.02255,10.746081352233887
10.71,10.81277,0.02074,10.727361679077148
10.72,10.80646,0.01919,10.709310531616211
10.73,10.80002,0.01758,10.751623153686523
10.74,10.79348,0.01591,10.69282341003418
10.75,10.78684,0.01417,10.705632209777832
10.76,10.78012,0.01234,10.70956802368164
10.77,10.77333,0.01042,10.705987930297852
10.78,10.76647,0.00841,10.702189445495605
10.79,10.76094,0.00674,10.673413276672363
10.8,10.75263,0.00411,10.664320945739746
10.81,10.74566,0.00181,10.725432395935059
10.82,10.73868,0.0,10.638401985168457
10.83,10.73169,0.0,10.661796569824219
10.84,10.72471,0.0,10.672375679016113
10.85,10.71775,0.0,10.634238243103027
10.86,10.7108,0.0,10.675810813903809
10.87,10.70526,0.0,10.634102821350098
10.88,10.697,0.0,10.608969688415527
10.89,10.69016,0.0,10.685245513916016
10.9,10.68334,0.0,10.602521896362305
10.91,10.67657,0.0,10.592900276184082
10.92,10.66983,0.0,10.628425598144531
10.93,10.66311,0.0,10.61583423614502
10.94,10.65642,0.0,10.6122465133667
10.95,10.65107,0.0,10.599732398986816
10.96,10.64307,0.0,10.572558403015137
10.97,10.63639,0.0,10.605528831481934
10.98,10.6297,0.0,10.551617622375488
10.99,10.62297,0.0,10.55467700958252
11.0,10.6162,0.0,10.577664375305176
11.01,10.60936,0.0,10.567913055419922
11.02,10.60245,0.0,10.546201705932617
11.03,10.59545,0.0,10.558475494384766
11.04,10.58976,0.0,10.513957977294922
11.05,10.5811,0.0,10.529581069946289
11.06,10.57373,0.0,10.511384963989258
11.07,10.5662,0.0,10.508164405822754
11.08,10.5585,0.0,10.541083335876465
11.09,10.55063,0.0,10.503271102905273
11.1,10.54257,0.0,10.491209983825684
11.11,10.53431,0.0,10.488422393798828
11.12,10.52756,0.0,10.469527244567871
11.13,10.5172,0.0,10.460906028747559
11.14,10.50833,0.0,10.461592674255371
11.15,10.49926,0.0,10.442682266235352
11.16,10.48998,0.0,10.481611251831055
11.17,10.48052,0.0,10.431010246276855
11.18,10.47087,0.0,10.415451049804688
11.19,10.46106,0.0,10.453007698059082
11.2,10.45308,0.0,10.42526626586914
11.21,10.44097,0.0,10.387248039245605
11.22,10.43075,0.0,10.382609367370605
11.23,10.42043,0.0,10.402937889099121
11.24,10.41004,0.0,10.398366928100586
11.25,10.39961,0.0,10.38594913482666
11.26,10.38916,0.002,10.362833976745605
11.27,10.37873,0.00288,10.376374244689941
11.28,10.36835,0.00341,10.378519058227539
11.29,10.36008,0.00356,10.330315589904785
11.3,10.34783,0.00335,10.30826187133789
11.31,10.33775,0.00275,10.331180572509766
11.32,10.32784,0.00178,10.341133117675781
11.33,10.31812,0.0,10.29196548461914
11.34,10.30862,0.0,10.299530982971191
11.35,10.29935,0.0,10.30142593383789
11.36,10.29034,0.0,10.300666809082031
11.37,10.28332,0.0,10.262284278869629
11.38,10.27317,0.0,10.249136924743652
11.39,10.26503,0.0,10.271491050720215
11.4,10.25721,0.0,10.24952507019043
11.41,10.24969,0.0,10.21774673461914
11.42,10.2425,0.0,10.237056732177734
11.43,10.23562,0.0,10.2402925491333
11.44,10.22904,0.0,10.228199005126953
11.45,10.22397,0.0,10.199118614196777
11.46,10.21673,0.0,10.159232139587402
11.47,10.21098,0.0,10.196532249450684
11.48,10.20546,0.0,10.16604232788086
11.49,10.20015,0.0,10.176776885986328
11.5,10.19502,0.0,10.162184715270996
11.51,10.19004,0.0,10.155739784240723
11.52,10.18518,0.0,10.144543647766113
11.53,10.18041,0.0,10.127665519714355
11.54,10.17663,0.0,10.107513427734375
11.55,10.171,0.0,10.12498664855957
11.56,10.16629,0.0,10.098332405090332
11.57,10.16153,0.0,10.083463668823242
11.58,10.15669,0.0,10.095173835754395
11.59,10.15174,0.0,10.081424713134766
11.6,10.14666,0.0,10.078195571899414
11.61,10.14142,0.0,10.076607704162598
11.62,10.13709,0.0,10.038236618041992
11.63,10.13037,0.0,10.057599067687988
11.64,10.12454,0.0,10.026460647583008
11.65,10.11848,0.0,10.042716026306152
11.66,10.1122,0.0,10.040122985839844
11.67,10.1057,0.0,10.036084175109863
11.68,10.09897,0.0,10.020724296569824
11.69,10.09203,0.0,10.006388664245605
11.7,10.08633,0.0,9.998156547546387
11.71,10.07757,0.0,9.992684364318848
11.72,10.07009,0.0,9.984162330627441
11.73,10.06248,0.0,9.996426582336426
11.74,10.05476,0.0,9.977980613708496
11.75,10.04697,0.00253,9.98420238494873
11.76,10.03914,0.00528,9.981637001037598
11.77,10.03131,0.00773,9.953571319580078
11.78,10.02351,0.00985,9.979448318481445
11.79,10.01731,0.01129,9.961403846740723
11.8,10.00817,0.01301,9.950547218322754
11.81,10.0007,0.01401,9.924738883972168
11.82,9.99343,0.01462,9.955224990844727
11.83,9.98637,0.01483,9.950921058654785
11.84,9.97957,0.01464,9.965747833251953
11.85,9.97306,0.01406,9.922502517700195
11.86,9.96686,0.01309,9.949867248535156
11.87,9.96214,0.01206,9.938803672790527
11.88,9.9555,0.01009,9.940433502197266
11.89,9.95037,0.00809,9.923844337463379
11.9,9.94563,0.0058,9.959549903869629
11.91,9.94128,0.00326,9.948904991149902
11.92,9.93733,0.0,9.949326515197754
11.93,9.93378,0.0,9.919882774353027
11.94,9.93061,0.0,9.961213111877441
11.95,9.92835,0.0,9.928777694702148
11.96,9.92539,0.0,9.948079109191895
11.97,9.92331,0.0,9.921648025512695
11.98,9.92154,0.0,9.930821418762207
11.99,9.92006,0.0,9.952573776245117
12.0,9.91885,0.0,9.955815315246582
12.01,9.91786,0.0,9.92782974243164
12.02,9.91707,0.0,9.96579647064209
12.03,9.91655,0.0,9.943236351013184
12.04,9.91602,0.0,9.93989372253418
12.05,9.9155,0.0,9.907571792602539
12.06,9.91512,0.0,9.963578224182129
12.07,9.91475,0.0,9.936609268188477
12.08,9.91434,0.0,9.947122573852539
12.09,9.91387,0.0,9.915210723876953
12.1,9.91331,0.0,9.955416679382324
12.11,9.91261,0.0,9.933518409729004
12.12,9.91194,0.0,9.931147575378418
12.13,9.91072,0.0,9.916341781616211
12.14,9.90947,0.0,9.943007469177246
12.15,9.90799,0.0,9.936748504638672
12.16,9.90627,0.0,9.935066223144531
12.17,9.90429,0.0,9.910658836364746
12.18,9.90205,0.0,9.930638313293457
12.19,9.89953,0.0,9.922492980957031
12.2,9.89732,0.0,9.902901649475098
12.21,9.89369,0.0,9.896379470825195
12.22,9.89036,0.0,9.924479484558105
12.23,9.88679,0.0,9.908446311950684
12.24,9.88296,0.0,9.919469833374023
12.25,9.87891,0.0,9.889803886413574
12.26,9.87464,0.0,9.900492668151855
12.27,9.87018,0.0,9.906856536865234
12.28,9.86648,0.0,9.880099296569824
12.29,9.86172,0.00163,9.876838684082031
12.3,9.85584,0.00665,9.900094985961914
12.31,9.85082,0.01086,9.870909690856934
12.32,9.84573,0.01506,9.87643051147461
12.33,9.84059,0.01922,9.869622230529785
12.34,9.83541,0.02334,9.869425773620605
12.35,9.83024,0.02739,9.864919662475586
12.36,9.82508,0.03136,9.847007751464844
12.37,9.82098,0.03447,9.856022834777832
12.38,9.81493,0.03899,9.844353675842285
12.39,9.80997,0.04262,9.853741645812988
12.4,9.80511,0.04613,9.847893714904785
12.41,9.80038,0.0495,9.839768409729004
12.42,9.79579,0.05272,9.831241607666016
12.43,9.79135,0.05579,9.823110580444336
12.44,9.78707,0.05871,9.819440841674805
12.45,9.78377,0.06095,9.818130493164062
12.46,9.77905,0.06411,9.815380096435547
12.47,9.77531,0.06659,9.81773853302002
12.48,9.77176,0.06892,9.808026313781738
12.49,9.76841,0.07112,9.80224895477295
12.5,9.76524,0.0732,9.814436912536621
12.51,9.76227,0.07515,9.801427841186523
12.52,9.75948,0.077,9.788403511047363
12.53,9.75738,0.07841,9.794171333312988
12.54,9.75492,0.08008,9.789873123168945
12.55,9.75218,0.08199,9.780779838562012
12.56,9.75008,0.08351,9.77170467376709
12.57,9.74812,0.08498,9.774654388427734
12.58,9.74631,0.08642,9.77961540222168
12.59,9.74461,0.08783,9.769598960876465
12.6,9.74303,0.08923,9.766460418701172
12.61,9.74154,0.09063,9.751946449279785
12.62,9.74042,0.09177,9.763694763183594
12.63,9.73882,0.09349,9.757153511047363
12.64,9.73755,0.09497,9.73047924041748
12.65,9.73632,0.09649,9.752763748168945
12.66,9.73511,0.09807,9.74970817565918
12.67,9.73393,0.0997,9.729108810424805
12.68,9.73274,0.10141,9.743093490600586
12.69,9.73154,0.10319,9.72048282623291
12.7,9.73056,0.10468,9.744056701660156
12.71,9.72905,0.10699,9.745409965515137
12.72,9.72773,0.10902,9.702629089355469
12.73,9.72637,0.11112,9.727459907531738
12.74,9.72493,0.1133,9.738277435302734
12.75,9.72342,0.11556,9.697457313537598
12.76,9.72183,0.11789,9.728424072265625
12.77,9.72016,0.12029,9.711433410644531
12.78,9.71876,0.12225,9.70438289642334
12.79,9.71693,0.12475,9.718921661376953
12.8,9.71463,0.1278,9.685145378112793
12.81,9.71261,0.13037,9.695260047912598
12.82,9.71052,0.13295,9.708308219909668
12.83,9.70835,0.13554,9.677380561828613
12.84,9.70611,0.13812,9.705527305603027
12.85,9.70381,0.14067,9.694563865661621
12.86,9.70147,0.14317,9.676363945007324
12.87,9.69957,0.14514,9.691272735595703
12.88,9.6967,0.148,9.666837692260742
12.89,9.6943,0.15029,9.675945281982422
12.9,9.69192,0.15247,9.686457633972168
12.91,9.68956,0.15453,9.65589714050293
12.92,9.68725,0.15646,9.683618545532227
12.93,9.68502,0.15824,9.67103099822998
12.94,9.68287,0.15985,9.665501594543457
12.95,9.68123,0.16103,9.67257022857666
12.96,9.67893,0.16256,9.658244132995605
12.97,9.67717,0.16363,9.664170265197754
12.98,9.67559,0.1645,9.677469253540039
12.99,9.6742,0.16517,9.64812183380127
13.0,9.67301,0.16562,9.682330131530762
13.01,9.67206,0.16587,9.666312217712402
13.02,9.67135,0.16591,9.645853996276855
13.03,9.67098,0.16579,9.661208152770996
13.04,9.67075,0.16545,9.672051429748535
13.05,9.67086,0.16479,9.665771484375
13.06,9.67127,0.16403,9.6696138381958
13.07,9.672,0.1631,9.644709587097168
13.08,9.67304,0.162,9.696822166442871
13.09,9.67439,0.16075,9.65733814239502
13.1,9.67607,0.15937,9.65934944152832
13.11,9.67806,0.15787,9.650646209716797
13.12,9.67989,0.15661,9.675296783447266
13.13,9.683,0.15462,9.677794456481934
13.14,9.68592,0.15291,9.665149688720703
13.15,9.68915,0.15117,9.632596969604492
13.16,9.69265,0.14942,9.704934120178223
13.17,9.69643,0.1477,9.659241676330566
13.18,9.70046,0.14602,9.680676460266113
13.19,9.70473,0.14441,9.677007675170898
13.2,9.7083,0.14319,9.690384864807129
13.21,9.71389,0.14151,9.68418025970459
13.22,9.71875,0.14026,9.674890518188477
13.23,9.72376,0.13919,9.649447441101074
13.24,9.7289,0.1383,9.724363327026367
13.25,9.73414,0.13762,9.666484832763672
13.26,9.73946,0.13717,9.682498931884766
13.27,9.74484,0.13697,9.678473472595215
13.28,9.74917,0.137,9.704122543334961
13.29,9.75459,0.13729,9.6964111328125
13.3,9.76107,0.13802,9.679139137268066
13.31,9.76643,0.13896,9.658698081970215
13.32,9.77172,0.14021,9.720030784606934
13.33,9.77694,0.14177,9.676527976989746
13.34,9.78205,0.14366,9.701844215393066
13.35,9.78704,0.14588,9.6909761428833
13.36,9.7919,0.14841,9.706887245178223
13.37,9.79567,0.15067,9.70873737335205
13.38,9.80113,0.15443,9.684847831726074
13.39,9.80549,0.15791,9.682469367980957
13.4,9.80966,0.16168,9.737960815429688
13.41,9.81363,0.16574,9.695967674255371
13.42,9.81739,0.17006,9.725204467773438
13.43,9.82095,0.17464,9.731440544128418
13.44,9.8243,0.17945,9.719948768615723
13.45,9.82682,0.18345,9.737332344055176
13.46,9.83034,0.18967,9.725683212280273
13.47,9.83303,0.19503,9.718222618103027
13.48,9.83551,0.20053,9.753422737121582
13.49,9.83778,0.20613,9.735196113586426
13.5,9.83983,0.21179,9.744343757629395
13.51,9.84168,0.2175,9.763659477233887
13.52,9.84332,0.2232,9.76200008392334
13.53,9.84449,0.22775,9.750114440917969
13.54,9.84578,0.23336,9.765790939331055
13.55,9.84707,0.23994,9.758874893188477
13.56,9.84793,0.24527,9.765382766723633
13.57,9.84862,0.25041,9.773011207580566
13.58,9.84912,0.25531,9.775389671325684
13.59,9.84945,0.25995,9.798412322998047
13.6,9.84961,0.26427,9.785907745361328
13.61,9.84959,0.26824,9.780714988708496
13.62,9.84945,0.27114,9.795360565185547
13.63,9.84905,0.27498,9.79726505279541
13.64,9.84852,0.27768,9.79543399810791
13.65,9.84783,0.27989,9.7990140914917
13.66,9.84696,0.28158,9.806292533874512
13.67,9.84593,0.28272,9.829599380493164
13.68,9.84472,0.28328,9.817534446716309
13.69,9.84334,0.28326,9.79993724822998
13.7,9.8421,0.2828,9.82059383392334
13.71,9.84004,0.28136,9.815871238708496
13.72,9.83811,0.27947,9.808504104614258
13.73,9.83599,0.27693,9.815790176391602
13.74,9.83367,0.27376,9.809494018554688
13.75,9.83116,0.26995,9.831128120422363
13.76,9.82844,0.26551,9.818921089172363
13.77,9.82552,0.26045,9.809754371643066
13.78,9.82302,0.25596,9.810383796691895
13.79,9.81971,0.24984,9.798493385314941
13.8,9.81545,0.24175,9.813319206237793
13.81,9.81165,0.23442,9.805989265441895
13.82,9.80762,0.2266,9.799887657165527
13.83,9.80337,0.21831,9.812119483947754
13.84,9.79888,0.20959,9.799793243408203
13.85,9.79416,0.20048,9.798615455627441
13.86,9.78921,0.19103,9.79455280303955
13.87,9.78508,0.18324,9.791677474975586
13.88,9.77862,0.17126,9.793381690979004
13.89,9.77298,0.16103,9.779081344604492
13.9,9.76711,0.15063,9.772254943847656
13.91,9.76103,0.14011,9.77316951751709
13.92,9.75473,0.12952,9.767708778381348
13.93,9.74823,0.11889,9.759861946105957
13.94,9.74152,0.10827,9.74543285369873
13.95,9.73601,0.09979,9.747021675109863
13.96,9.72755,0.08722,9.752193450927734
13.97,9.72031,0.07686,9.732023239135742
13.98,9.71291,0.06667,9.73133373260498
13.99,9.70536,0.05666,9.725339889526367
14.0,9.69769,0.04688,9.725312232971191
14.01,9.68989,0.03735,9.715441703796387
14.02,9.68199,0.02809,9.694458961486816
14.03,9.6756,0.02087,9.694891929626465
14.04,9.66756,0.01214,9.699030876159668
14.05,9.65783,0.00209,9.67574405670166
14.06,9.64967,0.0,9.67081356048584
14.07,9.64148,0.0,9.667820930480957
14.08,9.63328,0.0,9.662507057189941
14.09,9.62508,0.0,9.64975357055664
14.1,9.6169,0.0,9.645101547241211
14.11,9.60874,0.0,9.642489433288574
14.12,9.60224,0.0,9.630241394042969
14.13,9.59256,0.0,9.622201919555664
14.14,9.58455,0.0,9.609722137451172
14.15,9.57661,0.0,9.603724479675293
14.16,9.56875,0.0,9.60138988494873
14.17,9.56097,0.0,9.58544635772705
14.18,9.55328,0.0,9.585658073425293
14.19,9.54568,0.0,9.577130317687988
14.2,9.53965,0.0,9.5645170211792
14.21,9.53075,0.0,9.55670166015625
14.22,9.52342,0.0,9.552576065063477
14.23,9.51617,0.0,9.541123390197754
14.24,9.50901,0.0,9.546538352966309
14.25,9.50193,0.0,9.533909797668457
14.26,9.49492,0.0,9.527703285217285
14.27,9.48798,0.0,9.521990776062012
14.28,9.48246,0.0,9.510845184326172
14.29,9.47561,0.0,9.500956535339355
14.3,9.46745,0.0,9.49168586730957
14.31,9.46067,0.0,9.482756614685059
14.32,9.45391,0.0,9.483412742614746
14.33,9.44715,0.0,9.478241920471191
14.34,9.44039,0.0,9.468996047973633
14.35,9.43362,0.0,9.468666076660156
14.36,9.42682,0.0,9.449801445007324
14.37,9.42135,0.0,9.446327209472656
14.38,9.41311,0.0,9.437552452087402
14.39,9.40618,0.0,9.428803443908691
14.4,9.3992,0.0,9.428387641906738
14.41,9.39215,0.0,9.41759204864502
14.42,9.38502,0.0,9.415321350097656
14.43,9.37783,0.0,9.403651237487793
14.44,9.37056,0.0,9.390641212463379
14.45,9.36468,0.0,9.385346412658691
14.46,9.35579,0.0,9.379526138305664
14.47,9.34829,0.0,9.377079963684082
14.48,9.34071,0.0,9.367227554321289
14.49,9.33307,0.0,9.363451957702637
14.5,9.32536,0.0,9.354557991027832
14.51,9.3176,0.0,9.346514701843262
14.52,9.30978,0.0,9.33504581451416
14.53,9.30349,0.0,9.327110290527344
14.54,9.29561,0.0,9.324346542358398
14.55,9.28611,0.0,9.32001781463623
14.56,9.27818,0.0,9.31152057647705
14.57,9.27025,0.0,9.305819511413574
14.58,9.26232,0.0,9.294772148132324
14.59,9.25441,0.0,9.288861274719238
14.6,9.24653,0.0,9.271552085876465
14.61,9.23868,0.0,9.269706726074219
14.62,9.23243,0.0,9.270417213439941
14.63,9.22314,0.0,9.270628929138184
14.64,9.21546,0.0,9.249136924743652
14.65,9.20785,0.0,9.246203422546387
14.66,9.20032,0.0,9.237683296203613
14.67,9.19288,0.0,9.222926139831543
14.68,9.18552,0.0,9.208479881286621
14.69,9.17825,0.0,9.200909614562988
14.7,9.1725,0.0,9.213591575622559
14.71,9.164,0.0,9.209834098815918
14.72,9.157,0.0,9.19050407409668
14.73,9.1501,0.0,9.189441680908203
14.74,9.14329,0.0,9.17896556854248
14.75,9.13655,0.0,9.168124198913574
14.76,9.12989,0.0,9.14668083190918
14.77,9.1233,0.0,9.150186538696289
14.78,9.11807,0.0,9.156723022460938
14.79,9.11158,0.0,9.149685859680176
14.8,9.10386,0.0,9.132952690124512
14.81,9.09746,0.0,9.129673957824707
14.82,9.09108,0.0,9.122467994689941
14.83,9.08472,0.0,9.10594654083252
14.84,9.07836,0.0,9.090252876281738
14.85,9.07198,0.0,9.090703964233398
14.86,9.06559,0.0,9.09444522857666
14.87,9.06045,0.0,9.088282585144043
14.88,9.0527,0.0,9.068684577941895
14.89,9.04619,0.0,9.07109546661377
14.9,9.03962,0.0,9.056325912475586
14.91,9.03298,0.0,9.047384262084961
14.92,9.02626,0.0,9.031600952148438
14.93,9.01947,0.0,9.02479076385498
14.94,9.01258,0.0,9.031942367553711
14.95,9.00701,0.0,9.022295951843262
14.96,8.99855,0.0,9.006378173828125
14.97,8.99139,0.0,9.009475708007812
14.98,8.98413,0.0,8.998820304870605
14.99,8.97677,0.0,8.991799354553223
15.0,8.96932,0.0,8.96985149383545
15.01,8.96177,0.0,8.971940040588379
15.02,8.95414,0.0,8.972248077392578
15.03,8.94796,0.0,8.960700988769531
15.04,8.94017,0.0,8.946102142333984
15.05,8.93073,0.0,8.950576782226562
15.06,8.92278,0.0,8.940220832824707
15.07,8.91478,0.0,8.927011489868164
15.08,8.90672,0.0,8.912528038024902
15.09,8.89861,0.0,8.914079666137695
15.1,8.89047,0.0,8.912552833557129
15.11,8.8823,0.0,8.897581100463867
15.12,8.87574,0.0,8.885611534118652
15.13,8.86591,0.0,8.894026756286621
15.14,8.85772,0.0,8.877601623535156
15.15,8.84953,0.0,8.867327690124512
15.16,8.84136,0.0,8.856075286865234
15.17,8.83323,0.0,8.852038383483887
15.18,8.82512,0.0,8.85015869140625
15.19,8.81706,0.0,8.8401517868042
15.2,8.81064,0.0,8.831148147583008
15.21,8.80108,0.0,8.831449508666992
15.22,8.79319,0.0,8.816939353942871
15.23,8.78537,0.0,8.811090469360352
15.24,8.77761,0.0,8.796914100646973
15.25,8.76993,0.0,8.799392700195312
15.26,8.76232,0.0,8.790088653564453
15.27,8.7548,0.0,8.775496482849121
15.28,8.74883,0.0,8.775547981262207
15.29,8.74144,0.0,8.772116661071777
15.3,8.73269,0.0,8.760575294494629
15.31,8.72548,0.0,8.75305461883545
15.32,8.71834,0.0,8.736390113830566
15.33,8.71128,0.0,8.742020606994629
15.34,8.70428,0.0,8.736783981323242
15.35,8.69734,0.0,8.723037719726562
15.36,8.69046,0.0,8.721135139465332
15.37,8.68498,0.0,8.709267616271973
15.38,8.67684,0.0,8.704095840454102
15.39,8.67008,0.0,8.697495460510254
15.4,8.66336,0.0,8.686092376708984
15.41,8.65665,0.0,8.682730674743652
15.42,8.64995,0.0,8.672894477844238
15.43,8.64326,0.0,8.662424087524414
15.44,8.63655,0.0,8.663554191589355
15.45,8.63117,0.0,8.653731346130371
15.46,8.62309,0.0,8.644834518432617
15.47,8.61631,0.0,8.637188911437988
15.48,8.60948,0.0,8.624926567077637
15.49,8.60261,0.0,8.624432563781738
15.5,8.59567,0.0,8.613513946533203
15.51,8.58866,0.0,8.599308013916016
15.52,8.5816,0.0,8.607264518737793
15.53,8.57588,0.0,8.595796585083008
15.54,8.56866,0.0,8.582529067993164
15.55,8.55989,0.0,8.578603744506836
15.56,8.55247,0.0,8.570099830627441
15.57,8.54497,0.0,8.566458702087402
15.58,8.53737,0.0,8.5602388381958
15.59,8.52968,0.0,8.546751022338867
15.6,8.5219,0.0,8.546062469482422
15.61,8.5156,0.0,8.539121627807617
15.62,8.50767,0.0,8.526875495910645
15.63,8.49806,0.0,8.519810676574707
15.64,8.48998,0.0,8.513851165771484
15.65,8.48183,0.0,8.507802963256836
15.66,8.47365,0.0,8.50249195098877
15.67,8.46542,0.0,8.484527587890625
15.68,8.45718,0.0,8.485856056213379
15.69,8.44894,0.0,8.479697227478027
15.7,8.44234,0.0,8.461663246154785
15.71,8.43248,0.0,8.463238716125488
15.72,8.42435,0.0,8.448822975158691
15.73,8.41626,0.0,8.448790550231934
15.74,8.40826,0.0,8.442296028137207
15.75,8.40036,0.0,8.423853874206543
15.76,8.39259,0.0,8.426889419555664
15.77,8.38496,0.0,8.417893409729004
15.78,8.37898,0.0,8.404955863952637
15.79,8.37166,0.0,8.404149055480957
15.8,8.36316,0.0,8.395322799682617
15.81,8.35631,0.0,8.393707275390625
15.82,8.34971,0.0,8.388066291809082
15.83,8.34335,0.0,8.366344451904297
15.84,8.33727,0.0,8.364383697509766
15.85,8.33146,0.0,8.368733406066895
15.86,8.32702,0.0,8.35316276550293
15.87,8.32175,0.0,8.339592933654785
15.88,8.31583,0.0,8.333878517150879
15.89,8.31124,0.0,8.334406852722168
15.9,8.30696,0.0,8.33084774017334
15.91,8.30299,0.0,8.308332443237305
15.92,8.29934,0.0,8.308370590209961
15.93,8.29599,0.0,8.306633949279785
15.94,8.29294,0.0,8.292981147766113
15.95,8.29071,0.0,8.285177230834961
15.96,8.28772,0.0,8.26937484741211
15.97,8.28551,0.0,8.277706146240234
15.98,8.28356,0.0,8.270302772521973
15.99,8.28185,0.0,8.247099876403809
16.0,8.28037,0.0,8.249373435974121
16.01,8.27933,0.0,8.248394966125488
16.02,8.27801,0.0,8.234176635742188
16.03,8.27726,0.0,8.221659660339355
16.04,8.27633,0.0,8.220703125
16.05,8.27571,0.0,8.218646049499512
16.06,8.27521,0.0,8.207547187805176
16.07,8.27481,0.0,8.192169189453125
16.08,8.27455,0.0,8.189974784851074
16.09,8.27425,0.0,8.194347381591797
16.1,8.2741,0.0,8.179181098937988
16.11,8.27394,0.0,8.162614822387695
16.12,8.27386,0.0,8.159157752990723
16.13,8.27378,0.0,8.160587310791016
16.14,8.27374,0.0,8.149205207824707
16.15,8.27371,0.0,8.135788917541504
16.16,8.2737,0.0,8.133936882019043
16.17,8.27369,0.0,8.128443717956543
16.18,8.27368,0.0,8.120475769042969
16.19,8.27368,0.0,8.110514640808105
16.2,8.27368,0.0,8.101409912109375
16.21,8.27368,0.0,8.102595329284668
16.22,8.27368,0.0,8.090831756591797
